refdes,database_x,uFrame_x,status_x,comments,database_y,uFrame_y,status_y,type,issue
CE01ISSM-MFD35-01-VEL3DD000, yes,yes,,, yes,yes,For Review,Science,
CE01ISSM-MFD35-02-PRESFA000, yes,yes,,, yes,yes,For Review,Science,
CE01ISSM-MFD35-04-ADCPTM000, yes,yes,,, yes,yes,For Review,Science,
CE01ISSM-MFD35-05-PCO2WB000, yes,yes,,, yes,yes,For Review,Science,
CE01ISSM-MFD35-06-PHSEND000, yes,yes,,, yes,yes,For Review,Science,
CE01ISSM-MFD37-01-OPTAAD000, yes,yes,,, yes,yes,For Review,Science,
CE01ISSM-MFD37-03-CTDBPC000, yes,yes,,, yes,yes,For Review,Science,
CE01ISSM-MFD37-03-DOSTAD000, yes,yes,,, yes,yes,For Review,Science,
CE01ISSM-MFD37-07-ZPLSCC000, yes,yes,,, yes,yes,For Review,Science,
CE01ISSM-RID16-01-OPTAAD000, yes,yes,,, yes,yes,For Review,Science,
CE01ISSM-RID16-02-FLORTD000, yes,yes,,, yes,yes,For Review,Science,
CE01ISSM-RID16-03-CTDBPC000, yes,yes,,, yes,yes,For Review,Science,
CE01ISSM-RID16-03-DOSTAD000, yes,yes,,, yes,yes,For Review,Science,
CE01ISSM-RID16-04-VELPTA000, yes,yes,,, yes,yes,For Review,Science,
CE01ISSM-RID16-05-PCO2WB000, yes,yes,,, yes,yes,For Review,Science,
CE01ISSM-RID16-06-PHSEND000, yes,yes,,, yes,yes,For Review,Science,
CE01ISSM-RID16-07-NUTNRB000, yes,yes,,, yes,yes,For Review,Science,
CE01ISSM-RID16-08-SPKIRB000, yes,yes,,, yes,yes,For Review,Science,
CE01ISSM-SBD17-04-VELPTA000, yes,yes,,, yes,yes,For Review,Science,
CE01ISSM-SBD17-06-CTDBPC000, yes,yes,,, yes,yes,For Review,Science,
CE01ISSM-SBD17-06-FLORTD000, yes,yes,,, yes,yes,For Review,Science,
CE01ISSP-SP001-02-DOSTAJ000, yes,yes,,, yes,yes,For Review,Science,
CE01ISSP-SP001-04-OPTAAJ000, yes,yes,,, yes,yes,For Review,Science,
CE01ISSP-SP001-05-VELPTJ000, yes,yes,,, yes,yes,For Review,Science,
CE01ISSP-SP001-06-NUTNRJ000, yes,yes,,, yes,yes,For Review,Science,
CE01ISSP-SP001-07-SPKIRJ000, yes,yes,,, yes,yes,For Review,Science,
CE01ISSP-SP001-08-FLORTJ000, yes,yes,,, yes,yes,For Review,Science,
CE01ISSP-SP001-09-CTDPFJ000, yes,yes,,, yes,yes,For Review,Science,
CE01ISSP-SP001-10-PARADJ000, yes,yes,,, yes,yes,For Review,Science,
CE02SHBP-LJ01D-05-ADCPTB104, yes,yes,,, yes,yes,For Review,Science,
CE02SHBP-LJ01D-06-CTDBPN106, yes,yes,,, yes,yes,For Review,Science,
CE02SHBP-LJ01D-06-DOSTAD106, yes,yes,fixed,do_stable_sample, yes,yes,For Review,Science,
CE02SHBP-LJ01D-07-VEL3DC108, yes,yes,,, yes,yes,For Review,Science,
CE02SHBP-LJ01D-08-OPTAAD106, yes,yes,,, yes,yes,For Review,Science,
CE02SHBP-LJ01D-09-PCO2WB103, yes,yes,,, yes,yes,For Review,Science,
CE02SHBP-LJ01D-10-PHSEND103, yes,yes,,, yes,yes,For Review,Science,
CE02SHBP-MJ01C-07-ZPLSCB101, yes,yes,,, yes,yes,For Review,Science,
CE02SHSM-RID26-01-ADCPTA000, yes,yes,,, yes,yes,For Review,Science,
CE02SHSM-RID26-04-VELPTA000, yes,yes,,, yes,yes,For Review,Science,
CE02SHSM-RID26-06-PHSEND000, yes,yes,,, yes,yes,For Review,Science,
CE02SHSM-RID26-07-NUTNRB000, yes,yes,,, yes,yes,For Review,Science,
CE02SHSM-RID26-08-SPKIRB000, yes,yes,,, yes,yes,For Review,Science,
CE02SHSM-RID27-01-OPTAAD000, yes,yes,,, yes,yes,For Review,Science,
CE02SHSM-RID27-02-FLORTD000, yes,yes,,, yes,yes,For Review,Science,
CE02SHSM-RID27-03-CTDBPC000, yes,yes,,, yes,yes,For Review,Science,
CE02SHSM-RID27-04-DOSTAD000, yes,yes,,, yes,yes,For Review,Science,
CE02SHSM-SBD11-04-VELPTA000, yes,yes,,, yes,yes,For Review,Science,
CE02SHSM-SBD11-06-METBKA000, yes,yes,,, yes,yes,For Review,Science,
CE02SHSM-SBD12-04-PCO2AA000, yes,yes,,, yes,yes,For Review,Science,
CE02SHSM-SBD12-05-WAVSSA000, yes,yes,,, yes,yes,For Review,Science,
CE02SHSM-SBD12-08-FDCHPA000, yes,yes,,, yes,yes,For Review,Science,
CE02SHSP-SP001-01-DOSTAJ000, yes,yes,,, yes,yes,For Review,Science,
CE02SHSP-SP001-02-VELPTJ000, yes,yes,,, yes,yes,For Review,Science,
CE02SHSP-SP001-04-OPTAAJ000, yes,yes,,, yes,yes,For Review,Science,
CE02SHSP-SP001-05-NUTNRJ000, yes,yes,,, yes,yes,For Review,Science,
CE02SHSP-SP001-06-SPKIRJ000, yes,yes,,, yes,yes,For Review,Science,
CE02SHSP-SP001-07-FLORTJ000, yes,yes,,, yes,yes,For Review,Science,
CE02SHSP-SP001-08-CTDPFJ000, yes,yes,,, yes,yes,For Review,Science,
CE02SHSP-SP001-09-PARADJ000, yes,yes,,, yes,yes,For Review,Science,
CE02SHSP-SP002-01-DOSTAJ000, yes,yes,,, yes,yes,For Review,Science,
CE02SHSP-SP002-02-VELPTJ000, yes,yes,,, yes,yes,For Review,Science,
CE02SHSP-SP002-04-OPTAAJ000, yes,yes,,, yes,yes,For Review,Science,
CE02SHSP-SP002-05-NUTNRJ000, yes,yes,,, yes,yes,For Review,Science,
CE02SHSP-SP002-06-SPKIRJ000, yes,yes,,, yes,yes,For Review,Science,
CE02SHSP-SP002-08-CTDPFJ000, yes,yes,,, yes,yes,For Review,Science,
CE02SHSP-SP002-09-PARADJ000, yes,yes,,, yes,yes,For Review,Science,
CE04OSBP-LJ01C-05-ADCPSI103, yes,yes,,, yes,yes,For Review,Science,
CE04OSBP-LJ01C-06-CTDBPO108, yes,yes,,, yes,yes,For Review,Science,
CE04OSBP-LJ01C-06-DOSTAD108, yes,yes,fixed,do_stable_sample, yes,yes,For Review,Science,
CE04OSBP-LJ01C-07-VEL3DC107, yes,yes,,, yes,yes,For Review,Science,
CE04OSBP-LJ01C-08-OPTAAC104, yes,yes,,, yes,yes,For Review,Science,
CE04OSBP-LJ01C-09-PCO2WB104, yes,yes,,, yes,yes,For Review,Science,
CE04OSBP-LJ01C-10-PHSEND107, yes,yes,,, yes,yes,For Review,Science,
CE04OSPD-DP01B-01-CTDPFL105, yes,yes,,, yes,yes,For Review,Science,
CE04OSPD-DP01B-02-VEL3DA105, yes,yes,,, yes,yes,For Review,Science,
CE04OSPD-DP01B-04-FLNTUA103, yes,yes,,, yes,yes,For Review,Science,
CE04OSPD-DP01B-06-DOSTAD105, yes,yes,,, yes,yes,For Review,Science,
CE04OSPS-PC01B-4A-CTDPFA109, yes,yes,,, yes,yes,For Review,Science,
CE04OSPS-PC01B-4A-DOSTAD109, yes,yes,fixed,do_stable_sample, yes,yes,For Review,Science,
CE04OSPS-PC01B-4B-PHSENA106, yes,yes,,, yes,yes,For Review,Science,
CE04OSPS-PC01B-4D-PCO2WA105, yes,yes,,, yes,yes,For Review,Science,
CE04OSPS-SF01B-2A-CTDPFA107, yes,yes,,, yes,yes,For Review,Science,
CE04OSPS-SF01B-2B-PHSENA108, yes,yes,,, yes,yes,For Review,Science,
CE04OSPS-SF01B-3A-FLORTD104, yes,yes,,, yes,yes,For Review,Science,
CE04OSPS-SF01B-3B-OPTAAD105, yes,yes,,, yes,yes,For Review,Science,
CE04OSPS-SF01B-3C-PARADA102, yes,yes,,, yes,yes,For Review,Science,
CE04OSPS-SF01B-3D-SPKIRA102, yes,yes,,, yes,yes,For Review,Science,
CE04OSPS-SF01B-4A-NUTNRA102, yes,yes,,, yes,yes,For Review,Science,
CE04OSPS-SF01B-4B-VELPTD106, yes,yes,,, yes,yes,For Review,Science,
CE04OSPS-SF01B-4F-PCO2WA102, yes,yes,,, yes,yes,For Review,Science,
CE04OSSM-RID26-01-ADCPTC000, yes,yes,,, yes,yes,For Review,Science,
CE04OSSM-RID26-04-VELPTA000, yes,yes,,, yes,yes,For Review,Science,
CE04OSSM-RID26-06-PHSEND000, yes,yes,,, yes,yes,For Review,Science,
CE04OSSM-RID26-07-NUTNRB000, yes,yes,,, yes,yes,For Review,Science,
CE04OSSM-RID26-08-SPKIRB000, yes,yes,,, yes,yes,For Review,Science,
CE04OSSM-RID27-01-OPTAAD000, yes,yes,,, yes,yes,For Review,Science,
CE04OSSM-RID27-02-FLORTD000, yes,yes,,, yes,yes,For Review,Science,
CE04OSSM-RID27-03-CTDBPC000, yes,yes,,, yes,yes,For Review,Science,
CE04OSSM-RID27-04-DOSTAD000, yes,yes,,, yes,yes,For Review,Science,
CE04OSSM-SBD11-04-VELPTA000, yes,yes,,, yes,yes,For Review,Science,
CE04OSSM-SBD11-06-METBKA000, yes,yes,,, yes,yes,For Review,Science,
CE04OSSM-SBD12-04-PCO2AA000, yes,yes,,, yes,yes,For Review,Science,
CE04OSSM-SBD12-05-WAVSSA000, yes,yes,,, yes,yes,For Review,Science,
CE05MOAS-GL247-01-PARADM000, yes,yes,,, yes,yes,For Review,Science,
CE05MOAS-GL247-02-FLORTM000, yes,yes,,, yes,yes,For Review,Science,
CE05MOAS-GL247-03-ADCPAM000, yes,yes,,, yes,yes,For Review,Science,
CE05MOAS-GL247-04-DOSTAM000, yes,yes,,, yes,yes,For Review,Science,
CE05MOAS-GL247-05-CTDGVM000, yes,yes,,, yes,yes,For Review,Science,
CE05MOAS-GL311-01-PARADM000, yes,yes,,, yes,yes,For Review,Science,
CE05MOAS-GL311-02-FLORTM000, yes,yes,,, yes,yes,For Review,Science,
CE05MOAS-GL311-03-ADCPAM000, yes,yes,,, yes,yes,For Review,Science,
CE05MOAS-GL311-04-DOSTAM000, yes,yes,,, yes,yes,For Review,Science,
CE05MOAS-GL311-05-CTDGVM000, yes,yes,,, yes,yes,For Review,Science,
CE05MOAS-GL312-01-PARADM000, yes,yes,,, yes,yes,For Review,Science,
CE05MOAS-GL312-02-FLORTM000, yes,yes,,, yes,yes,For Review,Science,
CE05MOAS-GL312-03-ADCPAM000, yes,yes,,, yes,yes,For Review,Science,
CE05MOAS-GL312-04-DOSTAM000, yes,yes,,, yes,yes,For Review,Science,
CE05MOAS-GL312-05-CTDGVM000, yes,yes,,, yes,yes,For Review,Science,
CE05MOAS-GL319-01-PARADM000, yes,yes,,, yes,yes,For Review,Science,
CE05MOAS-GL319-02-FLORTM000, yes,yes,,, yes,yes,For Review,Science,
CE05MOAS-GL319-03-ADCPAM000, yes,yes,,, yes,yes,For Review,Science,
CE05MOAS-GL319-04-DOSTAM000, yes,yes,,, yes,yes,For Review,Science,
CE05MOAS-GL319-05-CTDGVM000, yes,yes,,, yes,yes,For Review,Science,
CE05MOAS-GL320-01-PARADM000, yes,yes,,, yes,yes,For Review,Science,
CE05MOAS-GL320-02-FLORTM000, yes,yes,,, yes,yes,For Review,Science,
CE05MOAS-GL320-03-ADCPAM000, yes,yes,,, yes,yes,For Review,Science,
CE05MOAS-GL320-04-DOSTAM000, yes,yes,,, yes,yes,For Review,Science,
CE05MOAS-GL320-05-CTDGVM000, yes,yes,,, yes,yes,For Review,Science,
CE05MOAS-GL326-01-PARADM000, yes,yes,,, yes,yes,For Review,Science,
CE05MOAS-GL326-02-FLORTM000, yes,yes,,, yes,yes,For Review,Science,
CE05MOAS-GL326-03-ADCPAM000, yes,yes,,, yes,yes,For Review,Science,
CE05MOAS-GL326-04-DOSTAM000, yes,yes,,, yes,yes,For Review,Science,
CE05MOAS-GL326-05-CTDGVM000, yes,yes,,, yes,yes,For Review,Science,
CE05MOAS-GL327-01-PARADM000, yes,yes,,, yes,yes,For Review,Science,
CE05MOAS-GL327-02-FLORTM000, yes,yes,,, yes,yes,For Review,Science,
CE05MOAS-GL327-03-ADCPAM000, yes,yes,,, yes,yes,For Review,Science,
CE05MOAS-GL327-04-DOSTAM000, yes,yes,,, yes,yes,For Review,Science,
CE05MOAS-GL327-05-CTDGVM000, yes,yes,,, yes,yes,For Review,Science,
CE05MOAS-GL381-01-PARADM000, yes,yes,,, yes,yes,For Review,Science,
CE05MOAS-GL381-02-FLORTM000, yes,yes,,, yes,yes,For Review,Science,
CE05MOAS-GL381-03-ADCPAM000, yes,yes,,, yes,yes,For Review,Science,
CE05MOAS-GL381-04-DOSTAM000, yes,yes,,, yes,yes,For Review,Science,
CE05MOAS-GL381-05-CTDGVM000, yes,yes,,, yes,yes,For Review,Science,
CE05MOAS-GL382-01-PARADM000, yes,yes,,, yes,yes,For Review,Science,
CE05MOAS-GL382-02-FLORTM000, yes,yes,,, yes,yes,For Review,Science,
CE05MOAS-GL382-03-ADCPAM000, yes,yes,,, yes,yes,For Review,Science,
CE05MOAS-GL382-04-DOSTAM000, yes,yes,,, yes,yes,For Review,Science,
CE05MOAS-GL382-05-CTDGVM000, yes,yes,,, yes,yes,For Review,Science,
CE05MOAS-GL383-01-PARADM000, yes,yes,,, yes,yes,For Review,Science,
CE05MOAS-GL383-02-FLORTM000, yes,yes,,, yes,yes,For Review,Science,
CE05MOAS-GL383-03-ADCPAM000, yes,yes,,, yes,yes,For Review,Science,
CE05MOAS-GL383-04-DOSTAM000, yes,yes,,, yes,yes,For Review,Science,
CE05MOAS-GL383-05-CTDGVM000, yes,yes,,, yes,yes,For Review,Science,
CE05MOAS-GL384-01-PARADM000, yes,yes,,, yes,yes,For Review,Science,
CE05MOAS-GL384-02-FLORTM000, yes,yes,,, yes,yes,For Review,Science,
CE05MOAS-GL384-03-ADCPAM000, yes,yes,,, yes,yes,For Review,Science,
CE05MOAS-GL384-04-DOSTAM000, yes,yes,,, yes,yes,For Review,Science,
CE05MOAS-GL384-05-CTDGVM000, yes,yes,,, yes,yes,For Review,Science,
CE05MOAS-GL386-01-PARADM000, yes,yes,,, yes,yes,For Review,Science,
CE05MOAS-GL386-02-FLORTM000, yes,yes,,, yes,yes,For Review,Science,
CE05MOAS-GL386-03-ADCPAM000, yes,yes,,, yes,yes,For Review,Science,
CE05MOAS-GL386-04-DOSTAM000, yes,yes,,, yes,yes,For Review,Science,
CE05MOAS-GL386-05-CTDGVM000, yes,yes,,, yes,yes,For Review,Science,
CE06ISSM-MFD35-01-VEL3DD000, yes,yes,,, yes,yes,For Review,Science,
CE06ISSM-MFD35-02-PRESFA000, yes,yes,,, yes,yes,For Review,Science,
CE06ISSM-MFD35-04-ADCPTM000, yes,yes,,, yes,yes,For Review,Science,
CE06ISSM-MFD35-05-PCO2WB000, yes,yes,,, yes,yes,For Review,Science,
CE06ISSM-MFD35-06-PHSEND000, yes,yes,,, yes,yes,For Review,Science,
CE06ISSM-MFD37-01-OPTAAD000, yes,yes,,, yes,yes,For Review,Science,
CE06ISSM-MFD37-03-CTDBPC000, yes,yes,,, yes,yes,For Review,Science,
CE06ISSM-MFD37-03-DOSTAD000, yes,yes,,, yes,yes,For Review,Science,
CE06ISSM-MFD37-07-ZPLSCC000, yes,yes,,, yes,yes,For Review,Science,
CE06ISSM-RID16-01-OPTAAD000, yes,yes,,, yes,yes,For Review,Science,
CE06ISSM-RID16-02-FLORTD000, yes,yes,,, yes,yes,For Review,Science,
CE06ISSM-RID16-03-CTDBPC000, yes,yes,,, yes,yes,For Review,Science,
CE06ISSM-RID16-03-DOSTAD000, yes,yes,,, yes,yes,For Review,Science,
CE06ISSM-RID16-04-VELPTA000, yes,yes,,, yes,yes,For Review,Science,
CE06ISSM-RID16-05-PCO2WB000, yes,yes,,, yes,yes,For Review,Science,
CE06ISSM-RID16-06-PHSEND000, yes,yes,,, yes,yes,For Review,Science,
CE06ISSM-RID16-07-NUTNRB000, yes,yes,,, yes,yes,For Review,Science,
CE06ISSM-RID16-08-SPKIRB000, yes,yes,,, yes,yes,For Review,Science,
CE06ISSM-SBD17-04-VELPTA000, yes,yes,,, yes,yes,For Review,Science,
CE06ISSM-SBD17-06-CTDBPC000, yes,yes,,, yes,yes,For Review,Science,
CE06ISSM-SBD17-06-FLORTD000, yes,yes,,, yes,yes,For Review,Science,
CE06ISSP-SP001-02-DOSTAJ000, yes,yes,,, yes,yes,For Review,Science,
CE06ISSP-SP001-04-OPTAAJ000, yes,yes,,, yes,yes,For Review,Science,
CE06ISSP-SP001-05-VELPTJ000, yes,yes,,, yes,yes,For Review,Science,
CE06ISSP-SP001-06-NUTNRJ000, yes,yes,,, yes,yes,For Review,Science,
CE06ISSP-SP001-07-SPKIRJ000, yes,yes,,, yes,yes,For Review,Science,
CE06ISSP-SP001-08-FLORTJ000, yes,yes,fixed,flort_sample, yes,yes,For Review,Science,
CE06ISSP-SP001-09-CTDPFJ000, yes,yes,,, yes,yes,For Review,Science,
CE06ISSP-SP001-10-PARADJ000, yes,yes,,, yes,yes,For Review,Science,
CE07SHSM-MFD35-01-VEL3DD000, yes,yes,,, yes,yes,For Review,Science,
CE07SHSM-MFD35-02-PRESFB000, yes,yes,,, yes,yes,For Review,Science,
CE07SHSM-MFD35-04-ADCPTC000, yes,yes,,, yes,yes,For Review,Science,
CE07SHSM-MFD35-05-PCO2WB000, yes,yes,,, yes,yes,For Review,Science,
CE07SHSM-MFD35-06-PHSEND000, yes,yes,,, yes,yes,For Review,Science,
CE07SHSM-MFD37-01-OPTAAD000, yes,yes,,, yes,yes,For Review,Science,
CE07SHSM-MFD37-03-CTDBPC000, yes,yes,,, yes,yes,For Review,Science,
CE07SHSM-MFD37-03-DOSTAD000, yes,yes,,, yes,yes,For Review,Science,
CE07SHSM-MFD37-07-ZPLSCC000, yes,yes,,, yes,yes,For Review,Science,
CE07SHSM-RID26-01-ADCPTA000, yes,yes,,, yes,yes,For Review,Science,
CE07SHSM-RID26-04-VELPTA000, yes,yes,,, yes,yes,For Review,Science,
CE07SHSM-RID26-06-PHSEND000, yes,yes,,, yes,yes,For Review,Science,
CE07SHSM-RID26-07-NUTNRB000, yes,yes,,, yes,yes,For Review,Science,
CE07SHSM-RID26-08-SPKIRB000, yes,yes,,, yes,yes,For Review,Science,
CE07SHSM-RID27-01-OPTAAD000, yes,yes,,, yes,yes,For Review,Science,
CE07SHSM-RID27-02-FLORTD000, yes,yes,,, yes,yes,For Review,Science,
CE07SHSM-RID27-03-CTDBPC000, yes,yes,,, yes,yes,For Review,Science,
CE07SHSM-RID27-04-DOSTAD000, yes,yes,,, yes,yes,For Review,Science,
CE07SHSM-SBD11-04-VELPTA000, yes,yes,,, yes,yes,For Review,Science,
CE07SHSM-SBD11-06-METBKA000, yes,yes,,, yes,yes,For Review,Science,
CE07SHSM-SBD12-04-PCO2AA000, yes,yes,,, yes,yes,For Review,Science,
CE07SHSM-SBD12-05-WAVSSA000, yes,yes,,, yes,yes,For Review,Science,
CE07SHSP-SP001-01-DOSTAJ000, yes,yes,,, yes,yes,For Review,Science,
CE07SHSP-SP001-02-VELPTJ000, yes,yes,,, yes,yes,For Review,Science,
CE07SHSP-SP001-04-OPTAAJ000, yes,yes,,, yes,yes,For Review,Science,
CE07SHSP-SP001-05-NUTNRJ000, yes,yes,,, yes,yes,For Review,Science,
CE07SHSP-SP001-06-SPKIRJ000, yes,yes,,, yes,yes,For Review,Science,
CE07SHSP-SP001-07-FLORTJ000, yes,yes,fixed,flort_sample, yes,yes,For Review,Science,
CE07SHSP-SP001-08-CTDPFJ000, yes,yes,,, yes,yes,For Review,Science,
CE07SHSP-SP001-09-PARADJ000, yes,yes,,, yes,yes,For Review,Science,
CE09OSPM-WFP01-01-VEL3DK000, yes,yes,,, yes,yes,For Review,Science,
CE09OSPM-WFP01-02-DOFSTK000, yes,yes,,, yes,yes,For Review,Science,
CE09OSPM-WFP01-03-CTDPFK000, yes,yes,,, yes,yes,For Review,Science,
CE09OSPM-WFP01-04-FLORTK000, yes,yes,,, yes,yes,For Review,Science,
CE09OSPM-WFP01-05-PARADK000, yes,yes,,, yes,yes,For Review,Science,
CE09OSSM-MFD35-01-VEL3DD000, yes,yes,,, yes,yes,For Review,Science,
CE09OSSM-MFD35-02-PRESFC000, yes,yes,,, yes,yes,For Review,Science,
CE09OSSM-MFD35-04-ADCPSJ000, yes,yes,,, yes,yes,For Review,Science,
CE09OSSM-MFD35-05-PCO2WB000, yes,yes,,, yes,yes,For Review,Science,
CE09OSSM-MFD35-06-PHSEND000, yes,yes,,, yes,yes,For Review,Science,
CE09OSSM-MFD37-01-OPTAAC000, yes,yes,,, yes,yes,For Review,Science,
CE09OSSM-MFD37-03-CTDBPE000, yes,yes,,, yes,yes,For Review,Science,
CE09OSSM-MFD37-03-DOSTAD000, yes,yes,,, yes,yes,For Review,Science,
CE09OSSM-MFD37-07-ZPLSCC000, yes,yes,,, yes,yes,For Review,Science,
CE09OSSM-RID26-01-ADCPTC000, yes,yes,,, yes,yes,For Review,Science,
CE09OSSM-RID26-04-VELPTA000, yes,yes,,, yes,yes,For Review,Science,
CE09OSSM-RID26-06-PHSEND000, yes,yes,,, yes,yes,For Review,Science,
CE09OSSM-RID26-07-NUTNRB000, yes,yes,,, yes,yes,For Review,Science,
CE09OSSM-RID26-08-SPKIRB000, yes,yes,,, yes,yes,For Review,Science,
CE09OSSM-RID27-01-OPTAAD000, yes,yes,,, yes,yes,For Review,Science,
CE09OSSM-RID27-02-FLORTD000, yes,yes,,, yes,yes,For Review,Science,
CE09OSSM-RID27-03-CTDBPC000, yes,yes,,, yes,yes,For Review,Science,
CE09OSSM-RID27-04-DOSTAD000, yes,yes,,, yes,yes,For Review,Science,
CE09OSSM-SBD11-04-VELPTA000, yes,yes,,, yes,yes,For Review,Science,
CE09OSSM-SBD11-06-METBKA000, yes,yes,,, yes,yes,For Review,Science,
CE09OSSM-SBD12-04-PCO2AA000, yes,yes,,, yes,yes,For Review,Science,
CE09OSSM-SBD12-05-WAVSSA000, yes,yes,,, yes,yes,For Review,Science,
CP01CNPM-RII01-02-ADCPTG010, yes,yes,,, yes,yes,For Review,Science,
CP01CNPM-WFP01-01-VEL3DK000, yes,yes,,, yes,yes,For Review,Science,
CP01CNPM-WFP01-02-DOFSTK000, yes,yes,,, yes,yes,For Review,Science,
CP01CNPM-WFP01-03-CTDPFK000, yes,yes,,, yes,yes,For Review,Science,
CP01CNPM-WFP01-04-FLORTK000, yes,yes,,, yes,yes,For Review,Science,
CP01CNPM-WFP01-05-PARADK000, yes,yes,,, yes,yes,For Review,Science,
CP01CNSM-MFD35-01-ADCPTF000, yes,yes,,, yes,yes,For Review,Science,
CP01CNSM-MFD35-02-PRESFB000, yes,yes,,, yes,yes,For Review,Science,
CP01CNSM-MFD35-04-VELPTA000, yes,yes,,, yes,yes,For Review,Science,
CP01CNSM-MFD35-05-PCO2WB000, yes,yes,,, yes,yes,For Review,Science,
CP01CNSM-MFD35-06-PHSEND000, yes,yes,,, yes,yes,For Review,Science,
CP01CNSM-MFD37-01-OPTAAD000, yes,yes,,, yes,yes,For Review,Science,
CP01CNSM-MFD37-03-CTDBPD000, yes,yes,,, yes,yes,For Review,Science,
CP01CNSM-MFD37-04-DOSTAD000, yes,yes,,, yes,yes,For Review,Science,
CP01CNSM-MFD37-07-ZPLSCC000, yes,yes,,, yes,yes,For Review,Science,
CP01CNSM-RID26-04-VELPTA000, yes,yes,,, yes,yes,For Review,Science,
CP01CNSM-RID26-06-PHSEND000, yes,yes,,, yes,yes,For Review,Science,
CP01CNSM-RID26-07-NUTNRB000, yes,yes,,, yes,yes,For Review,Science,
CP01CNSM-RID26-08-SPKIRB000, yes,yes,,, yes,yes,For Review,Science,
CP01CNSM-RID27-01-OPTAAD000, yes,yes,,, yes,yes,For Review,Science,
CP01CNSM-RID27-02-FLORTD000, yes,yes,,, yes,yes,For Review,Science,
CP01CNSM-RID27-03-CTDBPC000, yes,yes,,, yes,yes,For Review,Science,
CP01CNSM-RID27-04-DOSTAD000, yes,yes,,, yes,yes,For Review,Science,
CP01CNSM-SBD11-06-METBKA000, yes,yes,,, yes,yes,For Review,Science,
CP01CNSM-SBD12-04-PCO2AA000, yes,yes,,, yes,yes,For Review,Science,
CP01CNSM-SBD12-05-WAVSSA000, yes,yes,,, yes,yes,For Review,Science,
CP01CNSM-SBD12-06-METBKA000, yes,yes,,, yes,yes,For Review,Science,
CP01CNSM-SBD12-08-FDCHPA000, yes,yes,,, yes,yes,For Review,Science,
CP01CNSP-SP001-02-OPTAAJ000, yes,yes,,, yes,yes,For Review,Science,
CP01CNSP-SP001-03-NUTNRJ000, yes,yes,,, yes,yes,For Review,Science,
CP01CNSP-SP001-05-VELPTJ000, yes,yes,,, yes,yes,For Review,Science,
CP01CNSP-SP001-06-DOSTAJ000, yes,yes,,, yes,yes,For Review,Science,
CP01CNSP-SP001-07-SPKIRJ000, yes,yes,,, yes,yes,For Review,Science,
CP01CNSP-SP001-08-CTDPFJ000, yes,yes,,, yes,yes,For Review,Science,
CP01CNSP-SP001-10-PARADJ000, yes,yes,,, yes,yes,For Review,Science,
CP02PMCI-RII01-02-ADCPTG010, yes,yes,,, yes,yes,For Review,Science,
CP02PMCI-WFP01-01-VEL3DK000, yes,yes,,, yes,yes,For Review,Science,
CP02PMCI-WFP01-02-DOFSTK000, yes,yes,,, yes,yes,For Review,Science,
CP02PMCI-WFP01-03-CTDPFK000, yes,yes,,, yes,yes,For Review,Science,
CP02PMCI-WFP01-04-FLORTK000, yes,yes,,, yes,yes,For Review,Science,
CP02PMCI-WFP01-05-PARADK000, yes,yes,,, yes,yes,For Review,Science,
CP02PMCO-RII01-02-ADCPTG010, yes,yes,,, yes,yes,For Review,Science,
CP02PMCO-WFP01-01-VEL3DK000, yes,yes,,, yes,yes,For Review,Science,
CP02PMCO-WFP01-02-DOFSTK000, yes,yes,,, yes,yes,For Review,Science,
CP02PMCO-WFP01-03-CTDPFK000, yes,yes,,, yes,yes,For Review,Science,
CP02PMCO-WFP01-04-FLORTK000, yes,yes,,, yes,yes,For Review,Science,
CP02PMCO-WFP01-05-PARADK000, yes,yes,,, yes,yes,For Review,Science,
CP02PMUI-RII01-02-ADCPTG010, yes,yes,,, yes,yes,For Review,Science,
CP02PMUI-WFP01-01-VEL3DK000, yes,yes,,, yes,yes,For Review,Science,
CP02PMUI-WFP01-02-DOFSTK000, yes,yes,,, yes,yes,For Review,Science,
CP02PMUI-WFP01-03-CTDPFK000, yes,yes,,, yes,yes,For Review,Science,
CP02PMUI-WFP01-04-FLORTK000, yes,yes,,, yes,yes,For Review,Science,
CP02PMUI-WFP01-05-PARADK000, yes,yes,,, yes,yes,For Review,Science,
CP02PMUO-RII01-02-ADCPSL010, yes,yes,,, yes,yes,For Review,Science,
CP02PMUO-WFP01-01-VEL3DK000, yes,yes,,, yes,yes,For Review,Science,
CP02PMUO-WFP01-02-DOFSTK000, yes,yes,,, yes,yes,For Review,Science,
CP02PMUO-WFP01-03-CTDPFK000, yes,yes,,, yes,yes,For Review,Science,
CP02PMUO-WFP01-04-FLORTK000, yes,yes,,, yes,yes,For Review,Science,
CP02PMUO-WFP01-05-PARADK000, yes,yes,,, yes,yes,For Review,Science,
CP03ISPM-RII01-02-ADCPTG010, yes,yes,,, yes,yes,For Review,Science,
CP03ISPM-WFP01-01-VEL3DK000, yes,yes,,, yes,yes,For Review,Science,
CP03ISPM-WFP01-02-DOFSTK000, yes,yes,,, yes,yes,For Review,Science,
CP03ISPM-WFP01-03-CTDPFK000, yes,yes,,, yes,yes,For Review,Science,
CP03ISPM-WFP01-04-FLORTK000, yes,yes,,, yes,yes,For Review,Science,
CP03ISPM-WFP01-05-PARADK000, yes,yes,,, yes,yes,For Review,Science,
CP03ISSM-MFD35-01-ADCPTF000, yes,yes,,, yes,yes,For Review,Science,
CP03ISSM-MFD35-02-PRESFB000, yes,yes,,, yes,yes,For Review,Science,
CP03ISSM-MFD35-04-VELPTA000, yes,yes,,, yes,yes,For Review,Science,
CP03ISSM-MFD35-05-PCO2WB000, yes,yes,,, yes,yes,For Review,Science,
CP03ISSM-MFD35-06-PHSEND000, yes,yes,,, yes,yes,For Review,Science,
CP03ISSM-MFD37-01-OPTAAD000, yes,yes,,, yes,yes,For Review,Science,
CP03ISSM-MFD37-03-CTDBPD000, yes,yes,,, yes,yes,For Review,Science,
CP03ISSM-MFD37-04-DOSTAD000, yes,yes,,, yes,yes,For Review,Science,
CP03ISSM-MFD37-07-ZPLSCC000, yes,yes,,, yes,yes,For Review,Science,
CP03ISSM-RID26-04-VELPTA000, yes,yes,,, yes,yes,For Review,Science,
CP03ISSM-RID26-06-PHSEND000, yes,yes,,, yes,yes,For Review,Science,
CP03ISSM-RID26-07-NUTNRB000, yes,yes,,, yes,yes,For Review,Science,
CP03ISSM-RID26-08-SPKIRB000, yes,yes,,, yes,yes,For Review,Science,
CP03ISSM-RID27-01-OPTAAD000, yes,yes,,, yes,yes,For Review,Science,
CP03ISSM-RID27-02-FLORTD000, yes,yes,,, yes,yes,For Review,Science,
CP03ISSM-RID27-03-CTDBPC000, yes,yes,,, yes,yes,For Review,Science,
CP03ISSM-RID27-04-DOSTAD000, yes,yes,,, yes,yes,For Review,Science,
CP03ISSM-SBD11-06-METBKA000, yes,yes,,, yes,yes,For Review,Science,
CP03ISSM-SBD12-04-PCO2AA000, yes,yes,,, yes,yes,For Review,Science,
CP03ISSP-SP001-05-VELPTJ000, yes,yes,,, yes,yes,For Review,Science,
CP03ISSP-SP001-06-DOSTAJ000, yes,yes,,, yes,yes,For Review,Science,
CP03ISSP-SP001-07-SPKIRJ000, yes,yes,,, yes,yes,For Review,Science,
CP03ISSP-SP001-08-CTDPFJ000, yes,yes,,, yes,yes,For Review,Science,
CP03ISSP-SP001-09-FLORTJ000, yes,yes,,, yes,yes,For Review,Science,
CP03ISSP-SP001-10-PARADJ000, yes,yes,,, yes,yes,For Review,Science,
CP04OSPM-RII01-02-ADCPSL010, yes,yes,,, yes,yes,For Review,Science,
CP04OSPM-WFP01-01-VEL3DK000, yes,yes,,, yes,yes,For Review,Science,
CP04OSPM-WFP01-02-DOFSTK000, yes,yes,,, yes,yes,For Review,Science,
CP04OSPM-WFP01-03-CTDPFK000, yes,yes,,, yes,yes,For Review,Science,
CP04OSPM-WFP01-04-FLORTK000, yes,yes,,, yes,yes,For Review,Science,
CP04OSPM-WFP01-05-PARADK000, yes,yes,,, yes,yes,For Review,Science,
CP04OSSM-MFD35-01-ADCPSJ000, yes,yes,,, yes,yes,For Review,Science,
CP04OSSM-MFD35-02-PRESFC000, yes,yes,,, yes,yes,For Review,Science,
CP04OSSM-MFD35-04-VELPTB000, yes,yes,,, yes,yes,For Review,Science,
CP04OSSM-MFD35-05-PCO2WB000, yes,yes,,, yes,yes,For Review,Science,
CP04OSSM-MFD35-06-PHSEND000, yes,yes,,, yes,yes,For Review,Science,
CP04OSSM-MFD37-01-OPTAAD000, yes,yes,,, yes,yes,For Review,Science,
CP04OSSM-MFD37-03-CTDBPE000, yes,yes,,, yes,yes,For Review,Science,
CP04OSSM-MFD37-04-DOSTAD000, yes,yes,,, yes,yes,For Review,Science,
CP04OSSM-MFD37-07-ZPLSCC000, yes,yes,,, yes,yes,For Review,Science,
CP04OSSM-RID26-04-VELPTA000, yes,yes,,, yes,yes,For Review,Science,
CP04OSSM-RID26-06-PHSEND000, yes,yes,,, yes,yes,For Review,Science,
CP04OSSM-RID26-07-NUTNRB000, yes,yes,,, yes,yes,For Review,Science,
CP04OSSM-RID26-08-SPKIRB000, yes,yes,,, yes,yes,For Review,Science,
CP04OSSM-RID27-01-OPTAAD000, yes,yes,,, yes,yes,For Review,Science,
CP04OSSM-RID27-02-FLORTD000, yes,yes,,, yes,yes,For Review,Science,
CP04OSSM-RID27-03-CTDBPC000, yes,yes,,, yes,yes,For Review,Science,
CP04OSSM-RID27-04-DOSTAD000, yes,yes,,, yes,yes,For Review,Science,
CP04OSSM-SBD11-06-METBKA000, yes,yes,,, yes,yes,For Review,Science,
CP04OSSM-SBD12-04-PCO2AA000, yes,yes,,, yes,yes,For Review,Science,
CP05MOAS-A6263-01-FLORTN000, yes,yes,fixed,wrong stream change to flort_kn_sample, yes,yes,For Review,Science,
CP05MOAS-A6263-02-DOSTAN000, yes,yes,,, yes,yes,For Review,Science,
CP05MOAS-A6263-03-CTDAVN000, yes,yes,fixed,wrong stream change to ctdav_auv_data, yes,yes,For Review,Science,
CP05MOAS-A6263-04-NUTNRN000, yes,yes,,, yes,yes,For Review,Science,
CP05MOAS-A6263-05-ADCPAN000, yes,yes,fixed,wrong stream change to adcp_velocity_earth, yes,yes,For Review,Science,
CP05MOAS-A6263-06-PARADN000, yes,yes,,, yes,yes,For Review,Science,
CP05MOAS-A6264-01-FLORTN000, yes,yes,fixed,wrong stream change to flort_kn_sample, yes,yes,For Review,Science,
CP05MOAS-A6264-02-DOSTAN000, yes,yes,,, yes,yes,For Review,Science,
CP05MOAS-A6264-03-CTDAVN000, yes,yes,fixed,wrong stream change to ctdav_auv_data, yes,yes,For Review,Science,
CP05MOAS-A6264-04-NUTNRN000, yes,yes,,, yes,yes,For Review,Science,
CP05MOAS-A6264-05-ADCPAN000, yes,yes,fixed,wrong stream change to adcp_velocity_earth, yes,yes,For Review,Science,
CP05MOAS-A6264-06-PARADN000, yes,yes,,, yes,yes,For Review,Science,
CP05MOAS-GL335-01-ADCPAM000, yes,yes,,, yes,yes,For Review,Science,
CP05MOAS-GL335-02-FLORTM000, yes,yes,,, yes,yes,For Review,Science,
CP05MOAS-GL335-03-CTDGVM000, yes,yes,,, yes,yes,For Review,Science,
CP05MOAS-GL335-04-DOSTAM000, yes,yes,,, yes,yes,For Review,Science,
CP05MOAS-GL335-05-PARADM000, yes,yes,,, yes,yes,For Review,Science,
CP05MOAS-GL336-01-ADCPAM000, yes,yes,,, yes,yes,For Review,Science,
CP05MOAS-GL336-02-FLORTM000, yes,yes,,, yes,yes,For Review,Science,
CP05MOAS-GL336-03-CTDGVM000, yes,yes,,, yes,yes,For Review,Science,
CP05MOAS-GL336-04-DOSTAM000, yes,yes,,, yes,yes,For Review,Science,
CP05MOAS-GL336-05-PARADM000, yes,yes,,, yes,yes,For Review,Science,
CP05MOAS-GL339-01-ADCPAM000, yes,yes,,, yes,yes,For Review,Science,
CP05MOAS-GL339-02-FLORTM000, yes,yes,,, yes,yes,For Review,Science,
CP05MOAS-GL339-03-CTDGVM000, yes,yes,,, yes,yes,For Review,Science,
CP05MOAS-GL339-04-DOSTAM000, yes,yes,,, yes,yes,For Review,Science,
CP05MOAS-GL339-05-PARADM000, yes,yes,,, yes,yes,For Review,Science,
CP05MOAS-GL340-01-ADCPAM000, yes,yes,,, yes,yes,For Review,Science,
CP05MOAS-GL340-02-FLORTM000, yes,yes,,, yes,yes,For Review,Science,
CP05MOAS-GL340-03-CTDGVM000, yes,yes,,, yes,yes,For Review,Science,
CP05MOAS-GL340-04-DOSTAM000, yes,yes,,, yes,yes,For Review,Science,
CP05MOAS-GL340-05-PARADM000, yes,yes,,, yes,yes,For Review,Science,
CP05MOAS-GL374-01-ADCPAM000, yes,yes,,, yes,yes,For Review,Science,
CP05MOAS-GL374-02-FLORTM000, yes,yes,,, yes,yes,For Review,Science,
CP05MOAS-GL374-03-CTDGVM000, yes,yes,,, yes,yes,For Review,Science,
CP05MOAS-GL374-04-DOSTAM000, yes,yes,,, yes,yes,For Review,Science,
CP05MOAS-GL374-05-PARADM000, yes,yes,,, yes,yes,For Review,Science,
CP05MOAS-GL375-02-FLORTM000, yes,yes,,, yes,yes,For Review,Science,
CP05MOAS-GL375-03-CTDGVM000, yes,yes,,, yes,yes,For Review,Science,
CP05MOAS-GL375-04-DOSTAM000, yes,yes,,, yes,yes,For Review,Science,
CP05MOAS-GL375-05-PARADM000, yes,yes,,, yes,yes,For Review,Science,
CP05MOAS-GL376-01-ADCPAM000, yes,yes,,, yes,yes,For Review,Science,
CP05MOAS-GL376-02-FLORTM000, yes,yes,,, yes,yes,For Review,Science,
CP05MOAS-GL376-03-CTDGVM000, yes,yes,,, yes,yes,For Review,Science,
CP05MOAS-GL376-04-DOSTAM000, yes,yes,,, yes,yes,For Review,Science,
CP05MOAS-GL376-05-PARADM000, yes,yes,,, yes,yes,For Review,Science,
CP05MOAS-GL379-01-ADCPAM000, yes,yes,,, yes,yes,For Review,Science,
CP05MOAS-GL379-02-FLORTM000, yes,yes,,, yes,yes,For Review,Science,
CP05MOAS-GL379-03-CTDGVM000, yes,yes,,, yes,yes,For Review,Science,
CP05MOAS-GL379-04-DOSTAM000, yes,yes,,, yes,yes,For Review,Science,
CP05MOAS-GL379-05-PARADM000, yes,yes,,, yes,yes,For Review,Science,
CP05MOAS-GL380-01-ADCPAM000, yes,yes,,, yes,yes,For Review,Science,
CP05MOAS-GL380-02-FLORTM000, yes,yes,,, yes,yes,For Review,Science,
CP05MOAS-GL380-03-CTDGVM000, yes,yes,,, yes,yes,For Review,Science,
CP05MOAS-GL380-04-DOSTAM000, yes,yes,,, yes,yes,For Review,Science,
CP05MOAS-GL380-05-PARADM000, yes,yes,,, yes,yes,For Review,Science,
CP05MOAS-GL387-01-ADCPAM000, yes,yes,,, yes,yes,For Review,Science,
CP05MOAS-GL387-02-FLORTM000, yes,yes,,, yes,yes,For Review,Science,
CP05MOAS-GL387-03-CTDGVM000, yes,yes,,, yes,yes,For Review,Science,
CP05MOAS-GL387-04-DOSTAM000, yes,yes,,, yes,yes,For Review,Science,
CP05MOAS-GL387-05-PARADM000, yes,yes,,, yes,yes,For Review,Science,
CP05MOAS-GL388-01-ADCPAM000, yes,yes,,, yes,yes,For Review,Science,
CP05MOAS-GL388-02-FLORTM000, yes,yes,,, yes,yes,For Review,Science,
CP05MOAS-GL388-03-CTDGVM000, yes,yes,,, yes,yes,For Review,Science,
CP05MOAS-GL388-04-DOSTAM000, yes,yes,,, yes,yes,For Review,Science,
CP05MOAS-GL388-05-PARADM000, yes,yes,,, yes,yes,For Review,Science,
CP05MOAS-GL389-01-ADCPAM000, yes,yes,,, yes,yes,For Review,Science,
CP05MOAS-GL389-02-FLORTM000, yes,yes,,, yes,yes,For Review,Science,
CP05MOAS-GL389-03-CTDGVM000, yes,yes,,, yes,yes,For Review,Science,
CP05MOAS-GL389-04-DOSTAM000, yes,yes,,, yes,yes,For Review,Science,
CP05MOAS-GL389-05-PARADM000, yes,yes,,, yes,yes,For Review,Science,
CP05MOAS-PG564-01-CTDGVM000, yes,yes,,, yes,yes,For Review,Science,
CP05MOAS-PG564-02-DOSTAM000, yes,yes,,, yes,yes,For Review,Science,
CP05MOAS-PG564-03-FLORTM000, yes,yes,,, yes,yes,For Review,Science,
CP05MOAS-PG564-04-FLORTO000, yes,yes,,, yes,yes,For Review,Science,
CP05MOAS-PG564-05-NUTNRM000, yes,yes,,, yes,yes,For Review,Science,
CP05MOAS-PG564-06-PARADM000, yes,yes,,, yes,yes,For Review,Science,
CP05MOAS-PG583-01-CTDGVM000, yes,yes,,, yes,yes,For Review,Science,
CP05MOAS-PG583-02-DOSTAM000, yes,yes,,, yes,yes,For Review,Science,
CP05MOAS-PG583-03-FLORTM000, yes,yes,,, yes,yes,For Review,Science,
CP05MOAS-PG583-04-FLORTO000, yes,yes,,, yes,yes,For Review,Science,
CP05MOAS-PG583-05-NUTNRM000, yes,yes,,, yes,yes,For Review,Science,
CP05MOAS-PG583-06-PARADM000, yes,yes,,, yes,yes,For Review,Science,
GA01SUMO-RID16-01-OPTAAD000, yes,yes,,, yes,yes,For Review,Science,
GA01SUMO-RID16-02-FLORTD000, yes,yes,,, yes,yes,For Review,Science,
GA01SUMO-RID16-03-CTDBPF000, yes,yes,,, yes,yes,For Review,Science,
GA01SUMO-RID16-04-VELPTA000, yes,yes,,, yes,yes,For Review,Science,
GA01SUMO-RID16-05-PCO2WB000, yes,yes,,, yes,yes,For Review,Science,
GA01SUMO-RID16-06-DOSTAD000, yes,yes,,, yes,yes,For Review,Science,
GA01SUMO-RID16-07-NUTNRB000, yes,yes,,, yes,yes,For Review,Science,
GA01SUMO-RID16-08-SPKIRB000, yes,yes,,, yes,yes,For Review,Science,
GA01SUMO-RII11-02-ADCPSN010, yes,yes,,, yes,yes,For Review,Science,
GA01SUMO-RII11-02-CTDBPP031, yes,yes,,, yes,yes,For Review,Science,
GA01SUMO-RII11-02-CTDBPP032, yes,yes,,, yes,yes,For Review,Science,
GA01SUMO-RII11-02-CTDBPP033, yes,yes,,, yes,yes,For Review,Science,
GA01SUMO-RII11-02-CTDMOQ011, yes,yes,,, yes,yes,For Review,Science,
GA01SUMO-RII11-02-CTDMOQ012, yes,yes,,, yes,yes,For Review,Science,
GA01SUMO-RII11-02-CTDMOQ013, yes,yes,,, yes,yes,For Review,Science,
GA01SUMO-RII11-02-CTDMOQ014, yes,yes,,, yes,yes,For Review,Science,
GA01SUMO-RII11-02-CTDMOQ015, yes,yes,,, yes,yes,For Review,Science,
GA01SUMO-RII11-02-CTDMOQ016, yes,yes,,, yes,yes,For Review,Science,
GA01SUMO-RII11-02-CTDMOQ017, yes,yes,,, yes,yes,For Review,Science,
GA01SUMO-RII11-02-CTDMOQ031, yes,yes,,, yes,yes,For Review,Science,
GA01SUMO-RII11-02-CTDMOQ033, yes,yes,,, yes,yes,For Review,Science,
GA01SUMO-RII11-02-CTDMOR018, yes,yes,,, yes,yes,For Review,Science,
GA01SUMO-RII11-02-CTDMOR019, yes,yes,,, yes,yes,For Review,Science,
GA01SUMO-RII11-02-CTDMOR020, yes,yes,,, yes,yes,For Review,Science,
GA01SUMO-RII11-02-DOSTAD031, yes,yes,,, yes,yes,For Review,Science,
GA01SUMO-RII11-02-DOSTAD032, yes,yes,,, yes,yes,For Review,Science,
GA01SUMO-RII11-02-DOSTAD033, yes,yes,,, yes,yes,For Review,Science,
GA01SUMO-RII11-02-FLORDG031, yes,yes,,, yes,yes,For Review,Science,
GA01SUMO-RII11-02-FLORDG032, yes,yes,,, yes,yes,For Review,Science,
GA01SUMO-RII11-02-FLORDG033, yes,yes,,, yes,yes,For Review,Science,
GA01SUMO-RII11-02-PCO2WC051, yes,yes,,, yes,yes,For Review,Science,
GA01SUMO-RII11-02-PCO2WC052, yes,yes,,, yes,yes,For Review,Science,
GA01SUMO-RII11-02-PCO2WC053, yes,yes,,, yes,yes,For Review,Science,
GA01SUMO-RII11-02-PHSENE041, yes,yes,,, yes,yes,For Review,Science,
GA01SUMO-RII11-02-PHSENE042, yes,yes,,, yes,yes,For Review,Science,
GA01SUMO-SBD11-04-DOSTAD000, yes,yes,,, yes,yes,For Review,Science,
GA01SUMO-SBD11-05-SPKIRB000, yes,yes,,, yes,yes,For Review,Science,
GA01SUMO-SBD11-06-METBKA000, yes,yes,,, yes,yes,For Review,Science,
GA01SUMO-SBD11-08-NUTNRB000, yes,yes,,, yes,yes,For Review,Science,
GA01SUMO-SBD12-01-OPTAAD000, yes,yes,,, yes,yes,For Review,Science,
GA01SUMO-SBD12-02-FLORTD000, yes,yes,,, yes,yes,For Review,Science,
GA01SUMO-SBD12-04-PCO2AA000, yes,yes,,, yes,yes,For Review,Science,
GA01SUMO-SBD12-05-WAVSSA000, yes,yes,,, yes,yes,For Review,Science,
GA01SUMO-SBD12-06-METBKA000, yes,yes,,, yes,yes,For Review,Science,
GA02HYPM-RIM01-02-CTDMOG039, yes,yes,,, yes,yes,For Review,Science,
GA02HYPM-WFP02-01-FLORDL000, yes,yes,,, yes,yes,For Review,Science,
GA02HYPM-WFP02-03-DOSTAL000, yes,yes,,, yes,yes,For Review,Science,
GA02HYPM-WFP02-04-CTDPFL000, yes,yes,,, yes,yes,For Review,Science,
GA02HYPM-WFP02-05-VEL3DL000, yes,yes,,, yes,yes,For Review,Science,
GA02HYPM-WFP03-01-FLORDL000, yes,yes,,, yes,yes,For Review,Science,
GA02HYPM-WFP03-03-DOSTAL000, yes,yes,,, yes,yes,For Review,Science,
GA02HYPM-WFP03-04-CTDPFL000, yes,yes,,, yes,yes,For Review,Science,
GA02HYPM-WFP03-05-VEL3DL000, yes,yes,,, yes,yes,For Review,Science,
GA03FLMA-RIM01-02-ADCPSL003, yes,yes,,, yes,yes,For Review,Science,
GA03FLMA-RIM01-02-CTDMOG040, yes,yes,,, yes,yes,For Review,Science,
GA03FLMA-RIM01-02-CTDMOG041, yes,yes,,, yes,yes,For Review,Science,
GA03FLMA-RIM01-02-CTDMOG042, yes,yes,,, yes,yes,For Review,Science,
GA03FLMA-RIM01-02-CTDMOG043, yes,yes,,, yes,yes,For Review,Science,
GA03FLMA-RIM01-02-CTDMOG044, yes,yes,,, yes,yes,For Review,Science,
GA03FLMA-RIM01-02-CTDMOG045, yes,yes,,, yes,yes,For Review,Science,
GA03FLMA-RIM01-02-CTDMOG046, yes,yes,,, yes,yes,For Review,Science,
GA03FLMA-RIM01-02-CTDMOG047, yes,yes,,, yes,yes,For Review,Science,
GA03FLMA-RIM01-02-CTDMOG048, yes,yes,,, yes,yes,For Review,Science,
GA03FLMA-RIM01-02-CTDMOH049, yes,yes,,, yes,yes,For Review,Science,
GA03FLMA-RIM01-02-CTDMOH050, yes,yes,,, yes,yes,For Review,Science,
GA03FLMA-RIM01-02-CTDMOH051, yes,yes,,, yes,yes,For Review,Science,
GA03FLMA-RIS01-03-DOSTAD000, yes,yes,,, yes,yes,For Review,Science,
GA03FLMA-RIS01-04-PHSENF000, yes,yes,,, yes,yes,For Review,Science,
GA03FLMA-RIS01-05-FLORTD000, yes,yes,,, yes,yes,For Review,Science,
GA03FLMB-RIM01-02-ADCPSL007, yes,yes,,, yes,yes,For Review,Science,
GA03FLMB-RIM01-02-CTDMOG060, yes,yes,,, yes,yes,For Review,Science,
GA03FLMB-RIM01-02-CTDMOG061, yes,yes,,, yes,yes,For Review,Science,
GA03FLMB-RIM01-02-CTDMOG062, yes,yes,,, yes,yes,For Review,Science,
GA03FLMB-RIM01-02-CTDMOG063, yes,yes,,, yes,yes,For Review,Science,
GA03FLMB-RIM01-02-CTDMOG064, yes,yes,,, yes,yes,For Review,Science,
GA03FLMB-RIM01-02-CTDMOG065, yes,yes,,, yes,yes,For Review,Science,
GA03FLMB-RIM01-02-CTDMOG066, yes,yes,,, yes,yes,For Review,Science,
GA03FLMB-RIM01-02-CTDMOG067, yes,yes,,, yes,yes,For Review,Science,
GA03FLMB-RIM01-02-CTDMOG068, yes,yes,,, yes,yes,For Review,Science,
GA03FLMB-RIM01-02-CTDMOH069, yes,yes,,, yes,yes,For Review,Science,
GA03FLMB-RIM01-02-CTDMOH070, yes,yes,,, yes,yes,For Review,Science,
GA03FLMB-RIM01-02-CTDMOH071, yes,yes,,, yes,yes,For Review,Science,
GA03FLMB-RIS01-03-DOSTAD000, yes,yes,,, yes,yes,For Review,Science,
GA03FLMB-RIS01-04-PHSENF000, yes,yes,,, yes,yes,For Review,Science,
GA03FLMB-RIS01-05-FLORTD000, yes,yes,,, yes,yes,For Review,Science,
GA05MOAS-GL364-01-FLORDM000, yes,yes,,, yes,yes,For Review,Science,
GA05MOAS-GL364-02-DOSTAM000, yes,yes,,, yes,yes,For Review,Science,
GA05MOAS-GL364-04-CTDGVM000, yes,yes,,, yes,yes,For Review,Science,
GA05MOAS-GL470-01-FLORDM000, yes,yes,,, yes,yes,For Review,Science,
GA05MOAS-GL470-02-DOSTAM000, yes,yes,,, yes,yes,For Review,Science,
GA05MOAS-GL470-04-CTDGVM000, yes,yes,,, yes,yes,For Review,Science,
GA05MOAS-GL493-01-FLORDM000, yes,yes,,, yes,yes,For Review,Science,
GA05MOAS-GL493-02-DOSTAM000, yes,yes,,, yes,yes,For Review,Science,
GA05MOAS-GL493-04-CTDGVM000, yes,yes,,, yes,yes,For Review,Science,
GA05MOAS-GL494-01-FLORDM000, yes,yes,,, yes,yes,For Review,Science,
GA05MOAS-GL494-02-DOSTAM000, yes,yes,,, yes,yes,For Review,Science,
GA05MOAS-GL494-04-CTDGVM000, yes,yes,,, yes,yes,For Review,Science,
GA05MOAS-GL495-01-FLORDM000, yes,yes,,, yes,yes,For Review,Science,
GA05MOAS-GL495-02-DOSTAM000, yes,yes,,, yes,yes,For Review,Science,
GA05MOAS-GL495-04-CTDGVM000, yes,yes,,, yes,yes,For Review,Science,
GA05MOAS-GL496-01-FLORDM000, yes,yes,,, yes,yes,For Review,Science,
GA05MOAS-GL496-02-DOSTAM000, yes,yes,,, yes,yes,For Review,Science,
GA05MOAS-GL496-04-CTDGVM000, yes,yes,,, yes,yes,For Review,Science,
GA05MOAS-GL538-01-FLORDM000, yes,yes,,, yes,yes,For Review,Science,
GA05MOAS-GL538-02-DOSTAM000, yes,yes,,, yes,yes,For Review,Science,
GA05MOAS-GL538-04-CTDGVM000, yes,yes,,, yes,yes,For Review,Science,
GA05MOAS-PG562-01-CTDGVM000, yes,yes,,, yes,yes,For Review,Science,
GA05MOAS-PG562-02-DOSTAM000, yes,yes,,, yes,yes,For Review,Science,
GA05MOAS-PG562-05-NUTNRM000, yes,yes,,, yes,yes,For Review,Science,
GA05MOAS-PG562-06-PARADM000, yes,yes,,, yes,yes,For Review,Science,
GA05MOAS-PG563-01-CTDGVM000, yes,yes,,, yes,yes,For Review,Science,
GA05MOAS-PG563-02-DOSTAM000, yes,yes,,, yes,yes,For Review,Science,
GA05MOAS-PG563-03-FLORTM000, yes,yes,,, yes,yes,For Review,Science,
GA05MOAS-PG563-04-FLORTO000, yes,yes,,, yes,yes,For Review,Science,
GA05MOAS-PG563-05-NUTNRM000, yes,yes,,, yes,yes,For Review,Science,
GA05MOAS-PG563-06-PARADM000, yes,yes,,, yes,yes,For Review,Science,
GA05MOAS-PG578-01-CTDGVM000, yes,yes,,, yes,yes,For Review,Science,
GA05MOAS-PG578-02-DOSTAM000, yes,yes,,, yes,yes,For Review,Science,
GA05MOAS-PG578-03-FLORTM000, yes,yes,,, yes,yes,For Review,Science,
GA05MOAS-PG578-04-FLORTO000, yes,yes,,, yes,yes,For Review,Science,
GA05MOAS-PG578-05-NUTNRM000, yes,yes,,, yes,yes,For Review,Science,
GA05MOAS-PG578-06-PARADM000, yes,yes,,, yes,yes,For Review,Science,
GA05MOAS-PG580-01-CTDGVM000, yes,yes,,, yes,yes,For Review,Science,
GA05MOAS-PG580-02-DOSTAM000, yes,yes,,, yes,yes,For Review,Science,
GA05MOAS-PG580-03-FLORTM000, yes,yes,,, yes,yes,For Review,Science,
GA05MOAS-PG580-04-FLORTO000, yes,yes,,, yes,yes,For Review,Science,
GA05MOAS-PG580-05-NUTNRM000, yes,yes,,, yes,yes,For Review,Science,
GA05MOAS-PG580-06-PARADM000, yes,yes,,, yes,yes,For Review,Science,
GI01SUMO-RID16-01-OPTAAD000, yes,yes,,, yes,yes,For Review,Science,
GI01SUMO-RID16-02-FLORTD000, yes,yes,,, yes,yes,For Review,Science,
GI01SUMO-RID16-03-CTDBPF000, yes,yes,,, yes,yes,For Review,Science,
GI01SUMO-RID16-04-VELPTA000, yes,yes,,, yes,yes,For Review,Science,
GI01SUMO-RID16-05-PCO2WB000, yes,yes,,, yes,yes,For Review,Science,
GI01SUMO-RID16-06-DOSTAD000, yes,yes,,, yes,yes,For Review,Science,
GI01SUMO-RID16-07-NUTNRB000, yes,yes,,, yes,yes,For Review,Science,
GI01SUMO-RID16-08-SPKIRB000, yes,yes,,, yes,yes,For Review,Science,
GI01SUMO-RII11-02-ADCPSN010, yes,yes,,, yes,yes,For Review,Science,
GI01SUMO-RII11-02-CTDBPP031, yes,yes,,, yes,yes,For Review,Science,
GI01SUMO-RII11-02-CTDBPP032, yes,yes,,, yes,yes,For Review,Science,
GI01SUMO-RII11-02-CTDBPP033, yes,yes,,, yes,yes,For Review,Science,
GI01SUMO-RII11-02-CTDMOQ011, yes,yes,,, yes,yes,For Review,Science,
GI01SUMO-RII11-02-CTDMOQ012, yes,yes,,, yes,yes,For Review,Science,
GI01SUMO-RII11-02-CTDMOQ013, yes,yes,,, yes,yes,For Review,Science,
GI01SUMO-RII11-02-CTDMOQ014, yes,yes,,, yes,yes,For Review,Science,
GI01SUMO-RII11-02-CTDMOQ015, yes,yes,,, yes,yes,For Review,Science,
GI01SUMO-RII11-02-CTDMOQ016, yes,yes,,, yes,yes,For Review,Science,
GI01SUMO-RII11-02-CTDMOQ017, yes,yes,,, yes,yes,For Review,Science,
GI01SUMO-RII11-02-CTDMOQ031, yes,yes,,, yes,yes,For Review,Science,
GI01SUMO-RII11-02-CTDMOQ033, yes,yes,,, yes,yes,For Review,Science,
GI01SUMO-RII11-02-CTDMOR018, yes,yes,,, yes,yes,For Review,Science,
GI01SUMO-RII11-02-CTDMOR019, yes,yes,,, yes,yes,For Review,Science,
GI01SUMO-RII11-02-CTDMOR020, yes,yes,,, yes,yes,For Review,Science,
GI01SUMO-RII11-02-DOSTAD031, yes,yes,,, yes,yes,For Review,Science,
GI01SUMO-RII11-02-DOSTAD032, yes,yes,,, yes,yes,For Review,Science,
GI01SUMO-RII11-02-DOSTAD033, yes,yes,,, yes,yes,For Review,Science,
GI01SUMO-RII11-02-FLORDG031, yes,yes,,, yes,yes,For Review,Science,
GI01SUMO-RII11-02-FLORDG032, yes,yes,,, yes,yes,For Review,Science,
GI01SUMO-RII11-02-FLORDG033, yes,yes,,, yes,yes,For Review,Science,
GI01SUMO-RII11-02-PCO2WC051, yes,yes,,, yes,yes,For Review,Science,
GI01SUMO-RII11-02-PCO2WC052, yes,yes,,, yes,yes,For Review,Science,
GI01SUMO-RII11-02-PCO2WC053, yes,yes,,, yes,yes,For Review,Science,
GI01SUMO-RII11-02-PHSENE041, yes,yes,,, yes,yes,For Review,Science,
GI01SUMO-RII11-02-PHSENE042, yes,yes,,, yes,yes,For Review,Science,
GI01SUMO-SBD11-04-DOSTAD000, yes,yes,,, yes,yes,For Review,Science,
GI01SUMO-SBD11-05-SPKIRB000, yes,yes,,, yes,yes,For Review,Science,
GI01SUMO-SBD11-06-METBKA000, yes,yes,,, yes,yes,For Review,Science,
GI01SUMO-SBD11-08-NUTNRB000, yes,yes,,, yes,yes,For Review,Science,
GI01SUMO-SBD12-01-OPTAAD000, yes,yes,,, yes,yes,For Review,Science,
GI01SUMO-SBD12-02-FLORTD000, yes,yes,,, yes,yes,For Review,Science,
GI01SUMO-SBD12-04-PCO2AA000, yes,yes,,, yes,yes,For Review,Science,
GI01SUMO-SBD12-05-WAVSSA000, yes,yes,,, yes,yes,For Review,Science,
GI01SUMO-SBD12-06-METBKA000, yes,yes,,, yes,yes,For Review,Science,
GI01SUMO-SBD12-08-FDCHPA000, yes,yes,,, yes,yes,For Review,Science,
GI02HYPM-RIM01-02-CTDMOG039, yes,yes,,, yes,yes,For Review,Science,
GI02HYPM-WFP02-01-FLORDL000, yes,yes,,, yes,yes,For Review,Science,
GI02HYPM-WFP02-03-DOSTAL000, yes,yes,,, yes,yes,For Review,Science,
GI02HYPM-WFP02-04-CTDPFL000, yes,yes,,, yes,yes,For Review,Science,
GI02HYPM-WFP02-05-VEL3DL000, yes,yes,,, yes,yes,For Review,Science,
GI03FLMA-RI000-00-CTDMOH000, yes,yes,,, yes,yes,For Review,Science,
GI03FLMA-RI000-00-CTDMOH100, yes,yes,,, yes,yes,For Review,Science,
GI03FLMA-RI000-00-CTDMOH400, yes,yes,,, yes,yes,For Review,Science,
GI03FLMA-RI000-00-CTDMOH700, yes,yes,,, yes,yes,For Review,Science,
GI03FLMA-RI000-00-VELPTB000, yes,yes,,, yes,yes,For Review,Science,
GI03FLMA-RI000-00-VELPTB100, yes,yes,,, yes,yes,For Review,Science,
GI03FLMA-RI000-00-VELPTB400, yes,yes,,, yes,yes,For Review,Science,
GI03FLMA-RI000-00-VELPTB700, yes,yes,,, yes,yes,For Review,Science,
GI03FLMA-RIM01-02-ADCPSL003, yes,yes,,, yes,yes,For Review,Science,
GI03FLMA-RIM01-02-CTDMOG040, yes,yes,,, yes,yes,For Review,Science,
GI03FLMA-RIM01-02-CTDMOG041, yes,yes,,, yes,yes,For Review,Science,
GI03FLMA-RIM01-02-CTDMOG042, yes,yes,,, yes,yes,For Review,Science,
GI03FLMA-RIM01-02-CTDMOG043, yes,yes,,, yes,yes,For Review,Science,
GI03FLMA-RIM01-02-CTDMOG044, yes,yes,,, yes,yes,For Review,Science,
GI03FLMA-RIM01-02-CTDMOG045, yes,yes,,, yes,yes,For Review,Science,
GI03FLMA-RIM01-02-CTDMOG046, yes,yes,,, yes,yes,For Review,Science,
GI03FLMA-RIM01-02-CTDMOG047, yes,yes,,, yes,yes,For Review,Science,
GI03FLMA-RIM01-02-CTDMOG048, yes,yes,,, yes,yes,For Review,Science,
GI03FLMA-RIM01-02-CTDMOH049, yes,yes,,, yes,yes,For Review,Science,
GI03FLMA-RIM01-02-CTDMOH050, yes,yes,,, yes,yes,For Review,Science,
GI03FLMA-RIM01-02-CTDMOH051, yes,yes,,, yes,yes,For Review,Science,
GI03FLMA-RIS01-03-DOSTAD000, yes,yes,,, yes,yes,For Review,Science,
GI03FLMA-RIS01-04-PHSENF000, yes,yes,,, yes,yes,For Review,Science,
GI03FLMA-RIS01-05-FLORTD000, yes,yes,,, yes,yes,For Review,Science,
GI03FLMB-RI000-00-CTDMOH000, yes,yes,,, yes,yes,For Review,Science,
GI03FLMB-RI000-00-CTDMOH100, yes,yes,,, yes,yes,For Review,Science,
GI03FLMB-RI000-00-CTDMOH400, yes,yes,,, yes,yes,For Review,Science,
GI03FLMB-RI000-00-CTDMOH700, yes,yes,,, yes,yes,For Review,Science,
GI03FLMB-RI000-00-VELPTB000, yes,yes,,, yes,yes,For Review,Science,
GI03FLMB-RI000-00-VELPTB100, yes,yes,,, yes,yes,For Review,Science,
GI03FLMB-RI000-00-VELPTB400, yes,yes,,, yes,yes,For Review,Science,
GI03FLMB-RI000-00-VELPTB700, yes,yes,,, yes,yes,For Review,Science,
GI03FLMB-RIM01-02-ADCPSL007, yes,yes,,, yes,yes,For Review,Science,
GI03FLMB-RIM01-02-CTDMOG060, yes,yes,,, yes,yes,For Review,Science,
GI03FLMB-RIM01-02-CTDMOG061, yes,yes,,, yes,yes,For Review,Science,
GI03FLMB-RIM01-02-CTDMOG062, yes,yes,,, yes,yes,For Review,Science,
GI03FLMB-RIM01-02-CTDMOG063, yes,yes,,, yes,yes,For Review,Science,
GI03FLMB-RIM01-02-CTDMOG064, yes,yes,,, yes,yes,For Review,Science,
GI03FLMB-RIM01-02-CTDMOG065, yes,yes,,, yes,yes,For Review,Science,
GI03FLMB-RIM01-02-CTDMOG066, yes,yes,,, yes,yes,For Review,Science,
GI03FLMB-RIM01-02-CTDMOG067, yes,yes,,, yes,yes,For Review,Science,
GI03FLMB-RIM01-02-CTDMOG068, yes,yes,,, yes,yes,For Review,Science,
GI03FLMB-RIM01-02-CTDMOH069, yes,yes,,, yes,yes,For Review,Science,
GI03FLMB-RIM01-02-CTDMOH070, yes,yes,,, yes,yes,For Review,Science,
GI03FLMB-RIM01-02-CTDMOH071, yes,yes,,, yes,yes,For Review,Science,
GI03FLMB-RIS01-03-DOSTAD000, yes,yes,,, yes,yes,For Review,Science,
GI03FLMB-RIS01-04-PHSENF000, yes,yes,,, yes,yes,For Review,Science,
GI03FLMB-RIS01-05-FLORTD000, yes,yes,,, yes,yes,For Review,Science,
GI05MOAS-GL469-01-FLORDM000, yes,yes,,, yes,yes,For Review,Science,
GI05MOAS-GL469-02-DOSTAM000, yes,yes,,, yes,yes,For Review,Science,
GI05MOAS-GL469-04-CTDGVM000, yes,yes,,, yes,yes,For Review,Science,
GI05MOAS-GL477-01-FLORDM000, yes,yes,,, yes,yes,For Review,Science,
GI05MOAS-GL477-02-DOSTAM000, yes,yes,,, yes,yes,For Review,Science,
GI05MOAS-GL477-04-CTDGVM000, yes,yes,,, yes,yes,For Review,Science,
GI05MOAS-GL478-01-FLORDM000, yes,yes,,, yes,yes,For Review,Science,
GI05MOAS-GL478-02-DOSTAM000, yes,yes,,, yes,yes,For Review,Science,
GI05MOAS-GL478-04-CTDGVM000, yes,yes,,, yes,yes,For Review,Science,
GI05MOAS-GL484-01-FLORDM000, yes,yes,,, yes,yes,For Review,Science,
GI05MOAS-GL484-02-DOSTAM000, yes,yes,,, yes,yes,For Review,Science,
GI05MOAS-GL484-04-CTDGVM000, yes,yes,,, yes,yes,For Review,Science,
GI05MOAS-GL485-01-FLORDM000, yes,yes,,, yes,yes,For Review,Science,
GI05MOAS-GL485-02-DOSTAM000, yes,yes,,, yes,yes,For Review,Science,
GI05MOAS-GL485-04-CTDGVM000, yes,yes,,, yes,yes,For Review,Science,
GI05MOAS-GL493-01-FLORDM000, yes,yes,,, yes,yes,For Review,Science,
GI05MOAS-GL493-02-DOSTAM000, yes,yes,,, yes,yes,For Review,Science,
GI05MOAS-GL493-04-CTDGVM000, yes,yes,,, yes,yes,For Review,Science,
GI05MOAS-GL495-01-FLORDM000, yes,yes,,, yes,yes,For Review,Science,
GI05MOAS-GL495-02-DOSTAM000, yes,yes,,, yes,yes,For Review,Science,
GI05MOAS-GL495-04-CTDGVM000, yes,yes,,, yes,yes,For Review,Science,
GI05MOAS-GL559-01-FLORDM000, yes,yes,,, yes,yes,For Review,Science,
GI05MOAS-GL559-02-DOSTAM000, yes,yes,,, yes,yes,For Review,Science,
GI05MOAS-GL559-04-CTDGVM000, yes,yes,,, yes,yes,For Review,Science,
GI05MOAS-PG528-01-CTDGVM000, yes,yes,,, yes,yes,For Review,Science,
GI05MOAS-PG528-02-DOSTAM000, yes,yes,,, yes,yes,For Review,Science,
GI05MOAS-PG528-03-FLORTM000, yes,yes,,, yes,yes,For Review,Science,
GI05MOAS-PG528-04-FLORTO000, yes,yes,,, yes,yes,For Review,Science,
GI05MOAS-PG528-05-NUTNRM000, yes,yes,,, yes,yes,For Review,Science,
GI05MOAS-PG528-06-PARADM000, yes,yes,,, yes,yes,For Review,Science,
GP02HYPM-RIM01-02-CTDMOG039, yes,yes,,, yes,yes,For Review,Science,
GP02HYPM-WFP02-01-FLORDL000, yes,yes,,, yes,yes,For Review,Science,
GP02HYPM-WFP02-03-DOSTAL000, yes,yes,,, yes,yes,For Review,Science,
GP02HYPM-WFP02-04-CTDPFL000, yes,yes,,, yes,yes,For Review,Science,
GP02HYPM-WFP02-05-VEL3DL000, yes,yes,,, yes,yes,For Review,Science,
GP02HYPM-WFP03-01-FLORDL000, yes,yes,,, yes,yes,For Review,Science,
GP02HYPM-WFP03-03-DOSTAL000, yes,yes,,, yes,yes,For Review,Science,
GP02HYPM-WFP03-04-CTDPFL000, yes,yes,,, yes,yes,For Review,Science,
GP02HYPM-WFP03-05-VEL3DL000, yes,yes,,, yes,yes,For Review,Science,
GP03FLMA-RIM01-02-ADCPSL003, yes,yes,,, yes,yes,For Review,Science,
GP03FLMA-RIM01-02-CTDMOG040, yes,yes,,, yes,yes,For Review,Science,
GP03FLMA-RIM01-02-CTDMOG041, yes,yes,,, yes,yes,For Review,Science,
GP03FLMA-RIM01-02-CTDMOG042, yes,yes,,, yes,yes,For Review,Science,
GP03FLMA-RIM01-02-CTDMOG043, yes,yes,,, yes,yes,For Review,Science,
GP03FLMA-RIM01-02-CTDMOG044, yes,yes,,, yes,yes,For Review,Science,
GP03FLMA-RIM01-02-CTDMOG045, yes,yes,,, yes,yes,For Review,Science,
GP03FLMA-RIM01-02-CTDMOG046, yes,yes,,, yes,yes,For Review,Science,
GP03FLMA-RIM01-02-CTDMOG047, yes,yes,,, yes,yes,For Review,Science,
GP03FLMA-RIM01-02-CTDMOG048, yes,yes,,, yes,yes,For Review,Science,
GP03FLMA-RIM01-02-CTDMOH049, yes,yes,,, yes,yes,For Review,Science,
GP03FLMA-RIM01-02-CTDMOH050, yes,yes,,, yes,yes,For Review,Science,
GP03FLMA-RIM01-02-CTDMOH051, yes,yes,,, yes,yes,For Review,Science,
GP03FLMA-RIS01-03-DOSTAD000, yes,yes,,, yes,yes,For Review,Science,
GP03FLMA-RIS01-04-PHSENF000, yes,yes,,, yes,yes,For Review,Science,
GP03FLMA-RIS01-05-FLORTD000, yes,yes,,, yes,yes,For Review,Science,
GP03FLMB-RIM01-02-ADCPSL007, yes,yes,,, yes,yes,For Review,Science,
GP03FLMB-RIM01-02-CTDMOG060, yes,yes,,, yes,yes,For Review,Science,
GP03FLMB-RIM01-02-CTDMOG061, yes,yes,,, yes,yes,For Review,Science,
GP03FLMB-RIM01-02-CTDMOG062, yes,yes,,, yes,yes,For Review,Science,
GP03FLMB-RIM01-02-CTDMOG063, yes,yes,,, yes,yes,For Review,Science,
GP03FLMB-RIM01-02-CTDMOG064, yes,yes,,, yes,yes,For Review,Science,
GP03FLMB-RIM01-02-CTDMOG065, yes,yes,,, yes,yes,For Review,Science,
GP03FLMB-RIM01-02-CTDMOG066, yes,yes,,, yes,yes,For Review,Science,
GP03FLMB-RIM01-02-CTDMOG067, yes,yes,,, yes,yes,For Review,Science,
GP03FLMB-RIM01-02-CTDMOG068, yes,yes,,, yes,yes,For Review,Science,
GP03FLMB-RIM01-02-CTDMOH069, yes,yes,,, yes,yes,For Review,Science,
GP03FLMB-RIM01-02-CTDMOH070, yes,yes,,, yes,yes,For Review,Science,
GP03FLMB-RIM01-02-CTDMOH071, yes,yes,,, yes,yes,For Review,Science,
GP03FLMB-RIS01-03-DOSTAD000, yes,yes,,, yes,yes,For Review,Science,
GP03FLMB-RIS01-04-PHSENF000, yes,yes,,, yes,yes,For Review,Science,
GP03FLMB-RIS01-05-FLORTD000, yes,yes,,, yes,yes,For Review,Science,
GP05MOAS-GL276-01-FLORDM000, yes,yes,fixed,wrong stream change to flort_m_sample, yes,yes,For Review,Science,
GP05MOAS-GL276-02-DOSTAM000, yes,yes,,, yes,yes,For Review,Science,
GP05MOAS-GL276-04-CTDGVM000, yes,yes,,, yes,yes,For Review,Science,
GP05MOAS-GL361-01-FLORDM000, yes,yes,,, yes,yes,For Review,Science,
GP05MOAS-GL361-02-DOSTAM000, yes,yes,,, yes,yes,For Review,Science,
GP05MOAS-GL361-04-CTDGVM000, yes,yes,,, yes,yes,For Review,Science,
GP05MOAS-GL362-01-FLORDM000, yes,yes,,, yes,yes,For Review,Science,
GP05MOAS-GL362-02-DOSTAM000, yes,yes,,, yes,yes,For Review,Science,
GP05MOAS-GL362-04-CTDGVM000, yes,yes,,, yes,yes,For Review,Science,
GP05MOAS-GL363-01-FLORDM000, yes,yes,,, yes,yes,For Review,Science,
GP05MOAS-GL363-02-DOSTAM000, yes,yes,,, yes,yes,For Review,Science,
GP05MOAS-GL363-04-CTDGVM000, yes,yes,,, yes,yes,For Review,Science,
GP05MOAS-GL364-01-FLORDM000, yes,yes,,, yes,yes,For Review,Science,
GP05MOAS-GL364-02-DOSTAM000, yes,yes,,, yes,yes,For Review,Science,
GP05MOAS-GL364-04-CTDGVM000, yes,yes,,, yes,yes,For Review,Science,
GP05MOAS-GL365-01-FLORDM000, yes,yes,,, yes,yes,For Review,Science,
GP05MOAS-GL365-02-DOSTAM000, yes,yes,,, yes,yes,For Review,Science,
GP05MOAS-GL365-04-CTDGVM000, yes,yes,,, yes,yes,For Review,Science,
GP05MOAS-GL453-01-FLORDM000, yes,yes,,, yes,yes,For Review,Science,
GP05MOAS-GL453-02-DOSTAM000, yes,yes,,, yes,yes,For Review,Science,
GP05MOAS-GL453-04-CTDGVM000, yes,yes,,, yes,yes,For Review,Science,
GP05MOAS-GL523-01-FLORDM000, yes,yes,,, yes,yes,For Review,Science,
GP05MOAS-GL523-02-DOSTAM000, yes,yes,,, yes,yes,For Review,Science,
GP05MOAS-GL523-04-CTDGVM000, yes,yes,,, yes,yes,For Review,Science,
GP05MOAS-GL525-01-FLORDM000, yes,yes,,, yes,yes,For Review,Science,
GP05MOAS-GL525-02-DOSTAM000, yes,yes,,, yes,yes,For Review,Science,
GP05MOAS-GL525-04-CTDGVM000, yes,yes,,, yes,yes,For Review,Science,
GP05MOAS-GL537-01-FLORDM000, yes,yes,,, yes,yes,For Review,Science,
GP05MOAS-GL537-02-DOSTAM000, yes,yes,,, yes,yes,For Review,Science,
GP05MOAS-GL537-04-CTDGVM000, yes,yes,,, yes,yes,For Review,Science,
GP05MOAS-PG514-01-CTDGVM000, yes,yes,,, yes,yes,For Review,Science,
GP05MOAS-PG514-02-DOSTAM000, yes,yes,,, yes,yes,For Review,Science,
GP05MOAS-PG514-05-NUTNRM000, yes,yes,,, yes,yes,For Review,Science,
GP05MOAS-PG515-01-CTDGVM000, yes,yes,,, yes,yes,For Review,Science,
GP05MOAS-PG515-04-FLORTO000, yes,yes,,, yes,yes,For Review,Science,
GP05MOAS-PG515-06-PARADM000, yes,yes,,, yes,yes,For Review,Science,
GP05MOAS-PG575-01-CTDGVM000, yes,yes,,, yes,yes,For Review,Science,
GP05MOAS-PG575-02-DOSTAM000, yes,yes,,, yes,yes,For Review,Science,
GP05MOAS-PG575-03-FLORTM000, yes,yes,,, yes,yes,For Review,Science,
GP05MOAS-PG575-04-FLORTO000, yes,yes,,, yes,yes,For Review,Science,
GP05MOAS-PG575-05-NUTNRM000, yes,yes,,, yes,yes,For Review,Science,
GP05MOAS-PG575-06-PARADM000, yes,yes,,, yes,yes,For Review,Science,
GS01SUMO-RID16-01-OPTAAD000, yes,yes,,, yes,yes,For Review,Science,
GS01SUMO-RID16-02-FLORTD000, yes,yes,,, yes,yes,For Review,Science,
GS01SUMO-RID16-03-CTDBPF000, yes,yes,,, yes,yes,For Review,Science,
GS01SUMO-RID16-04-VELPTA000, yes,yes,,, yes,yes,For Review,Science,
GS01SUMO-RID16-05-PCO2WB000, yes,yes,,, yes,yes,For Review,Science,
GS01SUMO-RID16-06-DOSTAD000, yes,yes,,, yes,yes,For Review,Science,
GS01SUMO-RID16-07-NUTNRB000, yes,yes,,, yes,yes,For Review,Science,
GS01SUMO-RID16-08-SPKIRB000, yes,yes,,, yes,yes,For Review,Science,
GS01SUMO-RII11-02-ADCPSN010, yes,yes,,, yes,yes,For Review,Science,
GS01SUMO-RII11-02-CTDBPP031, yes,yes,,, yes,yes,For Review,Science,
GS01SUMO-RII11-02-CTDBPP032, yes,yes,,, yes,yes,For Review,Science,
GS01SUMO-RII11-02-CTDBPP033, yes,yes,,, yes,yes,For Review,Science,
GS01SUMO-RII11-02-CTDMOQ011, yes,yes,,, yes,yes,For Review,Science,
GS01SUMO-RII11-02-CTDMOQ012, yes,yes,,, yes,yes,For Review,Science,
GS01SUMO-RII11-02-CTDMOQ013, yes,yes,,, yes,yes,For Review,Science,
GS01SUMO-RII11-02-CTDMOQ014, yes,yes,,, yes,yes,For Review,Science,
GS01SUMO-RII11-02-CTDMOQ015, yes,yes,,, yes,yes,For Review,Science,
GS01SUMO-RII11-02-CTDMOQ016, yes,yes,,, yes,yes,For Review,Science,
GS01SUMO-RII11-02-CTDMOQ017, yes,yes,,, yes,yes,For Review,Science,
GS01SUMO-RII11-02-CTDMOQ031, yes,yes,,, yes,yes,For Review,Science,
GS01SUMO-RII11-02-CTDMOQ033, yes,yes,,, yes,yes,For Review,Science,
GS01SUMO-RII11-02-CTDMOR018, yes,yes,,, yes,yes,For Review,Science,
GS01SUMO-RII11-02-CTDMOR019, yes,yes,,, yes,yes,For Review,Science,
GS01SUMO-RII11-02-CTDMOR020, yes,yes,,, yes,yes,For Review,Science,
GS01SUMO-RII11-02-DOSTAD031, yes,yes,,, yes,yes,For Review,Science,
GS01SUMO-RII11-02-DOSTAD032, yes,yes,,, yes,yes,For Review,Science,
GS01SUMO-RII11-02-DOSTAD033, yes,yes,,, yes,yes,For Review,Science,
GS01SUMO-RII11-02-FLORDG031, yes,yes,,, yes,yes,For Review,Science,
GS01SUMO-RII11-02-FLORDG032, yes,yes,,, yes,yes,For Review,Science,
GS01SUMO-RII11-02-FLORDG033, yes,yes,,, yes,yes,For Review,Science,
GS01SUMO-RII11-02-PCO2WC051, yes,yes,,, yes,yes,For Review,Science,
GS01SUMO-RII11-02-PCO2WC052, yes,yes,,, yes,yes,For Review,Science,
GS01SUMO-RII11-02-PCO2WC053, yes,yes,,, yes,yes,For Review,Science,
GS01SUMO-RII11-02-PHSENE041, yes,yes,,, yes,yes,For Review,Science,
GS01SUMO-RII11-02-PHSENE042, yes,yes,,, yes,yes,For Review,Science,
GS01SUMO-SBD11-04-DOSTAD000, yes,yes,,, yes,yes,For Review,Science,
GS01SUMO-SBD11-05-SPKIRB000, yes,yes,,, yes,yes,For Review,Science,
GS01SUMO-SBD11-06-METBKA000, yes,yes,,, yes,yes,For Review,Science,
GS01SUMO-SBD11-08-NUTNRB000, yes,yes,,, yes,yes,For Review,Science,
GS01SUMO-SBD12-01-OPTAAD000, yes,yes,,, yes,yes,For Review,Science,
GS01SUMO-SBD12-02-FLORTD000, yes,yes,,, yes,yes,For Review,Science,
GS01SUMO-SBD12-04-PCO2AA000, yes,yes,,, yes,yes,For Review,Science,
GS01SUMO-SBD12-05-WAVSSA000, yes,yes,,, yes,yes,For Review,Science,
GS01SUMO-SBD12-06-METBKA000, yes,yes,,, yes,yes,For Review,Science,
GS01SUMO-SBD12-08-FDCHPA000, yes,yes,,, yes,yes,For Review,Science,
GS02HYPM-RIM01-02-CTDMOG039, yes,yes,,, yes,yes,For Review,Science,
GS02HYPM-WFP02-01-FLORDL000, yes,yes,,, yes,yes,For Review,Science,
GS02HYPM-WFP02-03-DOSTAL000, yes,yes,,, yes,yes,For Review,Science,
GS02HYPM-WFP02-04-CTDPFL000, yes,yes,,, yes,yes,For Review,Science,
GS02HYPM-WFP02-05-VEL3DL000, yes,yes,,, yes,yes,For Review,Science,
GS02HYPM-WFP03-01-FLORDL000, yes,yes,,, yes,yes,For Review,Science,
GS02HYPM-WFP03-03-DOSTAL000, yes,yes,,, yes,yes,For Review,Science,
GS02HYPM-WFP03-04-CTDPFL000, yes,yes,,, yes,yes,For Review,Science,
GS02HYPM-WFP03-05-VEL3DL000, yes,yes,,, yes,yes,For Review,Science,
GS03FLMA-RIM01-02-ADCPSL003, yes,yes,,, yes,yes,For Review,Science,
GS03FLMA-RIM01-02-CTDMOG040, yes,yes,,, yes,yes,For Review,Science,
GS03FLMA-RIM01-02-CTDMOG041, yes,yes,,, yes,yes,For Review,Science,
GS03FLMA-RIM01-02-CTDMOG042, yes,yes,,, yes,yes,For Review,Science,
GS03FLMA-RIM01-02-CTDMOG043, yes,yes,,, yes,yes,For Review,Science,
GS03FLMA-RIM01-02-CTDMOG044, yes,yes,,, yes,yes,For Review,Science,
GS03FLMA-RIM01-02-CTDMOG045, yes,yes,,, yes,yes,For Review,Science,
GS03FLMA-RIM01-02-CTDMOG046, yes,yes,,, yes,yes,For Review,Science,
GS03FLMA-RIM01-02-CTDMOG047, yes,yes,,, yes,yes,For Review,Science,
GS03FLMA-RIM01-02-CTDMOG048, yes,yes,,, yes,yes,For Review,Science,
GS03FLMA-RIM01-02-CTDMOH049, yes,yes,,, yes,yes,For Review,Science,
GS03FLMA-RIM01-02-CTDMOH050, yes,yes,,, yes,yes,For Review,Science,
GS03FLMA-RIM01-02-CTDMOH051, yes,yes,,, yes,yes,For Review,Science,
GS03FLMA-RIS01-03-DOSTAD000, yes,yes,,, yes,yes,For Review,Science,
GS03FLMA-RIS01-04-PHSENF000, yes,yes,,, yes,yes,For Review,Science,
GS03FLMA-RIS01-05-FLORTD000, yes,yes,,, yes,yes,For Review,Science,
GS03FLMB-RIM01-02-ADCPSL007, yes,yes,,, yes,yes,For Review,Science,
GS03FLMB-RIM01-02-CTDMOG060, yes,yes,,, yes,yes,For Review,Science,
GS03FLMB-RIM01-02-CTDMOG061, yes,yes,,, yes,yes,For Review,Science,
GS03FLMB-RIM01-02-CTDMOG062, yes,yes,,, yes,yes,For Review,Science,
GS03FLMB-RIM01-02-CTDMOG063, yes,yes,,, yes,yes,For Review,Science,
GS03FLMB-RIM01-02-CTDMOG064, yes,yes,,, yes,yes,For Review,Science,
GS03FLMB-RIM01-02-CTDMOG065, yes,yes,,, yes,yes,For Review,Science,
GS03FLMB-RIM01-02-CTDMOG066, yes,yes,,, yes,yes,For Review,Science,
GS03FLMB-RIM01-02-CTDMOG067, yes,yes,,, yes,yes,For Review,Science,
GS03FLMB-RIM01-02-CTDMOG068, yes,yes,,, yes,yes,For Review,Science,
GS03FLMB-RIM01-02-CTDMOH069, yes,yes,,, yes,yes,For Review,Science,
GS03FLMB-RIM01-02-CTDMOH070, yes,yes,,, yes,yes,For Review,Science,
GS03FLMB-RIM01-02-CTDMOH071, yes,yes,,, yes,yes,For Review,Science,
GS03FLMB-RIS01-03-DOSTAD000, yes,yes,,, yes,yes,For Review,Science,
GS03FLMB-RIS01-04-PHSENF000, yes,yes,,, yes,yes,For Review,Science,
GS03FLMB-RIS01-05-FLORTD000, yes,yes,,, yes,yes,For Review,Science,
GS05MOAS-GL484-01-FLORDM000, yes,yes,,, yes,yes,For Review,Science,
GS05MOAS-GL484-02-DOSTAM000, yes,yes,,, yes,yes,For Review,Science,
GS05MOAS-GL484-04-CTDGVM000, yes,yes,,, yes,yes,For Review,Science,
GS05MOAS-GL485-01-FLORDM000, yes,yes,,, yes,yes,For Review,Science,
GS05MOAS-GL485-02-DOSTAM000, yes,yes,,, yes,yes,For Review,Science,
GS05MOAS-GL485-04-CTDGVM000, yes,yes,,, yes,yes,For Review,Science,
GS05MOAS-GL486-01-FLORDM000, yes,yes,,, yes,yes,For Review,Science,
GS05MOAS-GL486-02-DOSTAM000, yes,yes,,, yes,yes,For Review,Science,
GS05MOAS-GL486-04-CTDGVM000, yes,yes,,, yes,yes,For Review,Science,
GS05MOAS-GL524-01-FLORDM000, yes,yes,,, yes,yes,For Review,Science,
GS05MOAS-GL524-02-DOSTAM000, yes,yes,,, yes,yes,For Review,Science,
GS05MOAS-GL524-04-CTDGVM000, yes,yes,,, yes,yes,For Review,Science,
GS05MOAS-GL560-01-FLORDM000, yes,yes,,, yes,yes,For Review,Science,
GS05MOAS-GL560-02-DOSTAM000, yes,yes,,, yes,yes,For Review,Science,
GS05MOAS-GL560-04-CTDGVM000, yes,yes,,, yes,yes,For Review,Science,
GS05MOAS-GL561-01-FLORDM000, yes,yes,,, yes,yes,For Review,Science,
GS05MOAS-GL561-02-DOSTAM000, yes,yes,,, yes,yes,For Review,Science,
GS05MOAS-GL561-04-CTDGVM000, yes,yes,,, yes,yes,For Review,Science,
GS05MOAS-PG565-01-CTDGVM000, yes,yes,,, yes,yes,For Review,Science,
GS05MOAS-PG565-02-DOSTAM000, yes,yes,,, yes,yes,For Review,Science,
GS05MOAS-PG565-03-FLORTM000, yes,yes,,, yes,yes,For Review,Science,
GS05MOAS-PG565-04-FLORTO000, yes,yes,,, yes,yes,For Review,Science,
GS05MOAS-PG565-05-NUTNRM000, yes,yes,,, yes,yes,For Review,Science,
GS05MOAS-PG565-06-PARADM000, yes,yes,,, yes,yes,For Review,Science,
GS05MOAS-PG566-01-CTDGVM000, yes,yes,,, yes,yes,For Review,Science,
GS05MOAS-PG566-02-DOSTAM000, yes,yes,,, yes,yes,For Review,Science,
GS05MOAS-PG566-03-FLORTM000, yes,yes,,, yes,yes,For Review,Science,
GS05MOAS-PG566-04-FLORTO000, yes,yes,,, yes,yes,For Review,Science,
GS05MOAS-PG566-05-NUTNRM000, yes,yes,,, yes,yes,For Review,Science,
GS05MOAS-PG566-06-PARADM000, yes,yes,,, yes,yes,For Review,Science,
RS01SBPD-DP01A-01-CTDPFL104, yes,yes,,, yes,yes,For Review,Science,
RS01SBPD-DP01A-02-VEL3DA103, yes,yes,,, yes,yes,For Review,Science,
RS01SBPD-DP01A-03-FLCDRA102, yes,no,wrong refdes in system,RS01SBPD-DP01A-03-FLCDRA104 - redmine 12240, yes,no,For Review,Science,Wrong Reference Designator - redmine 12240
RS01SBPD-DP01A-04-FLNTUA102, yes,no,wrong refdes in system,RS01SBPD-DP01A-03-FLNTUA104 - redmine 12240, yes,no,For Review,Science,Wrong Reference Designator - redmine 12240
RS01SBPD-DP01A-06-DOSTAD104, yes,yes,,, yes,yes,For Review,Science,
RS01SBPS-PC01A-05-ADCPTD102, yes,yes,,, yes,yes,For Review,Science,
RS01SBPS-PC01A-06-VADCPA101, yes,yes,,, yes,yes,For Review,Science,
RS01SBPS-PC01A-4A-CTDPFA103, yes,yes,,, yes,yes,For Review,Science,
RS01SBPS-PC01A-4A-DOSTAD103, yes,yes,fixed,do_stable_sample, yes,yes,For Review,Science,
RS01SBPS-PC01A-4B-PHSENA102, yes,yes,,, yes,yes,For Review,Science,
RS01SBPS-PC01A-4C-FLORDD103, yes,yes,,, yes,yes,For Review,Science,
RS01SBPS-SF01A-2A-CTDPFA102, yes,yes,,, yes,yes,For Review,Science,
RS01SBPS-SF01A-2D-PHSENA101, yes,yes,,, yes,yes,For Review,Science,
RS01SBPS-SF01A-3A-FLORTD101, yes,yes,,, yes,yes,For Review,Science,
RS01SBPS-SF01A-3B-OPTAAD101, yes,yes,,, yes,yes,For Review,Science,
RS01SBPS-SF01A-3C-PARADA101, yes,yes,,, yes,yes,For Review,Science,
RS01SBPS-SF01A-3D-SPKIRA101, yes,yes,,, yes,yes,For Review,Science,
RS01SBPS-SF01A-4A-NUTNRA101, yes,yes,,, yes,yes,For Review,Science,
RS01SBPS-SF01A-4B-VELPTD102, yes,yes,,, yes,yes,For Review,Science,
RS01SBPS-SF01A-4F-PCO2WA101, yes,yes,,, yes,yes,For Review,Science,
RS01SLBS-LJ01A-05-HPIESA101, yes,yes,,, yes,yes,For Review,Science,
RS01SLBS-LJ01A-10-ADCPTE101, yes,yes,,, yes,yes,For Review,Science,
RS01SLBS-LJ01A-11-OPTAAC103, yes,yes,,, yes,yes,For Review,Science,
RS01SLBS-LJ01A-12-CTDPFB101, yes,yes,,, yes,yes,For Review,Science,
RS01SLBS-LJ01A-12-DOSTAD101, yes,yes,fixed,do_stable_sample, yes,yes,For Review,Science,
RS01SLBS-MJ01A-06-PRESTA101, yes,yes,,, yes,yes,For Review,Science,
RS01SLBS-MJ01A-12-VEL3DB101, yes,yes,,, yes,yes,For Review,Science,
RS01SUM1-LJ01B-09-PRESTB102, yes,yes,,, yes,yes,For Review,Science,
RS01SUM1-LJ01B-12-VEL3DB104, yes,yes,,, yes,yes,For Review,Science,
RS01SUM2-MJ01B-12-ADCPSK101, yes,yes,,, yes,yes,For Review,Science,
RS03ASHS-MJ03B-07-TMPSFA301, yes,yes,,, yes,yes,For Review,Science,
RS03ASHS-MJ03B-09-BOTPTA304, yes,yes,,, yes,yes,For Review,Science,
RS03ASHS-MJ03B-10-CTDPFB304, yes,yes,,, yes,yes,For Review,Science,
RS03AXBS-LJ03A-05-HPIESA301, yes,yes,,, yes,yes,For Review,Science,
RS03AXBS-LJ03A-10-ADCPTE303, yes,yes,,, yes,yes,For Review,Science,
RS03AXBS-LJ03A-11-OPTAAC303, yes,yes,,, yes,yes,For Review,Science,
RS03AXBS-LJ03A-12-CTDPFB301, yes,yes,,, yes,yes,For Review,Science,
RS03AXBS-LJ03A-12-DOSTAD301, yes,yes,fixed,do_stable_sample, yes,yes,For Review,Science,
RS03AXBS-MJ03A-06-PRESTA301, yes,yes,,, yes,yes,For Review,Science,
RS03AXBS-MJ03A-12-VEL3DB301, yes,yes,,, yes,yes,For Review,Science,
RS03AXPD-DP03A-01-CTDPFL304, yes,yes,,, yes,yes,For Review,Science,
RS03AXPD-DP03A-02-VEL3DA303, yes,yes,,, yes,yes,For Review,Science,
RS03AXPD-DP03A-03-FLCDRA302, yes,yes,,, yes,yes,For Review,Science,
RS03AXPD-DP03A-03-FLNTUA302, yes,yes,,, yes,yes,For Review,Science,
RS03AXPD-DP03A-06-DOSTAD304, yes,yes,,, yes,yes,For Review,Science,
RS03AXPS-PC03A-05-ADCPTD302, yes,yes,,, yes,yes,For Review,Science,
RS03AXPS-PC03A-06-VADCPA301, yes,yes,,, yes,yes,For Review,Science,
RS03AXPS-PC03A-4A-CTDPFA303, yes,yes,,, yes,yes,For Review,Science,
RS03AXPS-PC03A-4B-PHSENA302, yes,yes,,, yes,yes,For Review,Science,
RS03AXPS-PC03A-4C-FLORDD303, yes,yes,,, yes,yes,For Review,Science,
RS03AXPS-SF03A-2A-CTDPFA302, yes,yes,,, yes,yes,For Review,Science,
RS03AXPS-SF03A-2D-PHSENA301, yes,yes,,, yes,yes,For Review,Science,
RS03AXPS-SF03A-3A-FLORTD301, yes,yes,,, yes,yes,For Review,Science,
RS03AXPS-SF03A-3B-OPTAAD301, yes,yes,,, yes,yes,For Review,Science,
RS03AXPS-SF03A-3C-PARADA301, yes,yes,,, yes,yes,For Review,Science,
RS03AXPS-SF03A-3D-SPKIRA301, yes,yes,,, yes,yes,For Review,Science,
RS03AXPS-SF03A-4A-NUTNRA301, yes,yes,,, yes,yes,For Review,Science,
RS03AXPS-SF03A-4B-VELPTD302, yes,yes,,, yes,yes,For Review,Science,
RS03AXPS-SF03A-4F-PCO2WA301, yes,yes,,, yes,yes,For Review,Science,
RS03CCAL-MJ03F-05-BOTPTA301, yes,yes,,, yes,yes,For Review,Science,
RS03ECAL-MJ03E-06-BOTPTA302, yes,yes,,, yes,yes,For Review,Science,
RS03INT1-MJ03C-07-D1000A301, yes,yes,,, yes,yes,For Review,Science,
RS03INT1-MJ03C-09-THSPHA301, yes,yes,,, yes,yes,For Review,Science,
RS03INT1-MJ03C-10-TRHPHA301, yes,yes,,, yes,yes,For Review,Science,
RS03INT2-MJ03D-06-BOTPTA303, yes,yes,,, yes,yes,For Review,Science,
RS03INT2-MJ03D-12-VEL3DB304, yes,yes,,, yes,yes,For Review,Science,
CP05MOAS-GL375-01-ADCPAM000,,,glider lost,ADCP data are not sent via telemetry,,,For Review,Science,Lost
RS03AXPS-PC03A-07-CAMDSC302,,,not for review,,,,Not For Review,Camera,
CE02SHBP-MJ01C-08-CAMDSB107,,,not for review,,,,Not For Review,Camera,
RS01SUM2-MJ01B-05-CAMDSB103,,,not for review,,,,Not For Review,Camera,
CE01ISSM-MFD37-06-CAMDSA000,,,not for review,,,,Not For Review,Camera,
CE07SHSM-MFD37-06-CAMDSA000,,,not for review,,,,Not For Review,Camera,
RS03INT1-MJ03C-05-CAMDSB303,,,not for review,,,,Not For Review,Camera,
RS01SBPS-PC01A-07-CAMDSC102,,,not for review,,,,Not For Review,Camera,
CE09OSSM-MFD37-06-CAMDSA000,,,not for review,,,,Not For Review,Camera,
CE04OSBP-LV01C-06-CAMDSB106,,,not for review,,,,Not For Review,Camera,
CE06ISSM-MFD37-06-CAMDSA000,,,not for review,,,,Not For Review,Camera,
CE07SHSM-RIC21-00-CPMENG000,,,not for review,,,,Not For Review,Engineering,
CP01CNSM-RIC21-00-CPMENG000,,,not for review,,,,Not For Review,Engineering,
CP04OSSM-MFC31-00-CPMENG000,,,not for review,,,,Not For Review,Engineering,
CP03ISSM-SBC11-00-CPMENG000,,,not for review,,,,Not For Review,Engineering,
CP04OSSM-SBC11-00-CPMENG000,,,not for review,,,,Not For Review,Engineering,
GA01SUMO-SBC11-00-CPMENG000,,,not for review,,,,Not For Review,Engineering,
CE01ISSM-MFC31-00-CPMENG000,,,not for review,,,,Not For Review,Engineering,
CP04OSSM-RIC21-00-CPMENG000,,,not for review,,,,Not For Review,Engineering,
CE02SHSM-RIC21-00-CPMENG000,,,not for review,,,,Not For Review,Engineering,
CP03ISSM-MFC31-00-CPMENG000,,,not for review,,,,Not For Review,Engineering,
CE04OSSM-SBC11-00-CPMENG000,,,not for review,,,,Not For Review,Engineering,
GS01SUMO-SBC11-00-CPMENG000,,,not for review,,,,Not For Review,Engineering,
CE06ISSM-SBC11-00-CPMENG000,,,not for review,,,,Not For Review,Engineering,
CE07SHSM-MFC31-00-CPMENG000,,,not for review,,,,Not For Review,Engineering,
CE09OSSM-MFC31-00-CPMENG000,,,not for review,,,,Not For Review,Engineering,
CE06ISSM-MFC31-00-CPMENG000,,,not for review,,,,Not For Review,Engineering,
CP01CNSM-SBC11-00-CPMENG000,,,not for review,,,,Not For Review,Engineering,
CE02SHSM-SBC11-00-CPMENG000,,,not for review,,,,Not For Review,Engineering,
CE04OSSM-RIC21-00-CPMENG000,,,not for review,,,,Not For Review,Engineering,
CP03ISSM-RIC21-00-CPMENG000,,,not for review,,,,Not For Review,Engineering,
CE09OSSM-SBC11-00-CPMENG000,,,not for review,,,,Not For Review,Engineering,
CP01CNSM-MFC31-00-CPMENG000,,,not for review,,,,Not For Review,Engineering,
GI01SUMO-SBC11-00-CPMENG000,,,not for review,,,,Not For Review,Engineering,
CE09OSSM-RIC21-00-CPMENG000,,,not for review,,,,Not For Review,Engineering,
CE07SHSM-SBC11-00-CPMENG000,,,not for review,,,,Not For Review,Engineering,
CE01ISSM-SBC11-00-CPMENG000,,,not for review,,,,Not For Review,Engineering,
GI05MOAS-PG564-01-CTDGVM000,,,glider leaked,,,,For Review,Science,Failed 
GI05MOAS-GL486-04-CTDGVM000,,,glider leaked,,,,For Review,Science,Failed 
GI05MOAS-PG577-01-CTDGVM000,,,glider leaked,,,,For Review,Science,Failed 
GP05MOAS-PG576-01-CTDGVM000,,,failed deployment,,,,For Review,Science,Failed 
GI05MOAS-PG581-01-CTDGVM000,,,glider leaked,,,,For Review,Science,Failed 
GS01SUMO-RID16-00-DCLENG000,,,not for review,,,,Not For Review,Engineering,
GS01SUMO-SBD12-00-DCLENG000,,,not for review,,,,Not For Review,Engineering,
CP04OSSM-SBD12-00-DCLENG000,,,not for review,,,,Not For Review,Engineering,
CP03ISSM-RID26-00-DCLENG000,,,not for review,,,,Not For Review,Engineering,
CP04OSSM-MFD35-00-DCLENG000,,,not for review,,,,Not For Review,Engineering,
CE07SHSM-SBD12-00-DCLENG000,,,not for review,,,,Not For Review,Engineering,
CP01CNSM-MFD37-00-DCLENG000,,,not for review,,,,Not For Review,Engineering,
CE02SHSM-RID26-00-DCLENG000,,,not for review,,,,Not For Review,Engineering,
CE04OSSM-RID26-00-DCLENG000,,,not for review,,,,Not For Review,Engineering,
CE06ISSM-SBD17-00-DCLENG000,,,not for review,,,,Not For Review,Engineering,
CE07SHSM-MFD35-00-DCLENG000,,,not for review,,,,Not For Review,Engineering,
CE02SHSM-SBD12-00-DCLENG000,,,not for review,,,,Not For Review,Engineering,
CP01CNSM-MFD35-00-DCLENG000,,,not for review,,,,Not For Review,Engineering,
CE07SHSM-RID27-00-DCLENG000,,,not for review,,,,Not For Review,Engineering,
CP04OSSM-RID27-00-DCLENG000,,,not for review,,,,Not For Review,Engineering,
CE04OSSM-SBD11-00-DCLENG000,,,not for review,,,,Not For Review,Engineering,
CE09OSSM-MFD35-00-DCLENG000,,,not for review,,,,Not For Review,Engineering,
CP03ISSM-SBD12-00-DCLENG000,,,not for review,,,,Not For Review,Engineering,
CP01CNSM-SBD12-00-DCLENG000,,,not for review,,,,Not For Review,Engineering,
GI01SUMO-SBD12-00-DCLENG000,,,not for review,,,,Not For Review,Engineering,
GI01SUMO-RID16-00-DCLENG000,,,not for review,,,,Not For Review,Engineering,
CE06ISSM-MFD37-00-DCLENG000,,,not for review,,,,Not For Review,Engineering,
CE06ISSM-MFD35-00-DCLENG000,,,not for review,,,,Not For Review,Engineering,
CP04OSSM-RID26-00-DCLENG000,,,not for review,,,,Not For Review,Engineering,
GS01SUMO-SBD11-00-DCLENG000,,,not for review,,,,Not For Review,Engineering,
CP01CNSM-RID26-00-DCLENG000,,,not for review,,,,Not For Review,Engineering,
CP03ISSM-MFD37-00-DCLENG000,,,not for review,,,,Not For Review,Engineering,
CE01ISSM-RID16-00-DCLENG000,,,not for review,,,,Not For Review,Engineering,
CP03ISSM-MFD35-00-DCLENG000,,,not for review,,,,Not For Review,Engineering,
CE09OSSM-SBD11-00-DCLENG000,,,not for review,,,,Not For Review,Engineering,
CP01CNSM-RID27-00-DCLENG000,,,not for review,,,,Not For Review,Engineering,
GA01SUMO-SBD11-00-DCLENG000,,,not for review,,,,Not For Review,Engineering,
GI01SUMO-SBD11-00-DCLENG000,,,not for review,,,,Not For Review,Engineering,
CE07SHSM-MFD37-00-DCLENG000,,,not for review,,,,Not For Review,Engineering,
CE07SHSM-RID26-00-DCLENG000,,,not for review,,,,Not For Review,Engineering,
CP03ISSM-SBD11-00-DCLENG000,,,not for review,,,,Not For Review,Engineering,
CE02SHSM-RID27-00-DCLENG000,,,not for review,,,,Not For Review,Engineering,
CP04OSSM-MFD37-00-DCLENG000,,,not for review,,,,Not For Review,Engineering,
CE09OSSM-RID27-00-DCLENG000,,,not for review,,,,Not For Review,Engineering,
CE09OSSM-SBD12-00-DCLENG000,,,not for review,,,,Not For Review,Engineering,
GA01SUMO-RID16-00-DCLENG000,,,not for review,,,,Not For Review,Engineering,
CP03ISSM-RID27-00-DCLENG000,,,not for review,,,,Not For Review,Engineering,
CP01CNSM-SBD11-00-DCLENG000,,,not for review,,,,Not For Review,Engineering,
CE04OSSM-SBD12-00-DCLENG000,,,not for review,,,,Not For Review,Engineering,
CP04OSSM-SBD11-00-DCLENG000,,,not for review,,,,Not For Review,Engineering,
CE07SHSM-SBD11-00-DCLENG000,,,not for review,,,,Not For Review,Engineering,
CE09OSSM-RID26-00-DCLENG000,,,not for review,,,,Not For Review,Engineering,
CE01ISSM-MFD37-00-DCLENG000,,,not for review,,,,Not For Review,Engineering,
CE04OSSM-RID27-00-DCLENG000,,,not for review,,,,Not For Review,Engineering,
GA01SUMO-SBD12-00-DCLENG000,,,not for review,,,,Not For Review,Engineering,
CE02SHSM-SBD11-00-DCLENG000,,,not for review,,,,Not For Review,Engineering,
CE01ISSM-MFD35-00-DCLENG000,,,not for review,,,,Not For Review,Engineering,
CE06ISSM-RID16-00-DCLENG000,,,not for review,,,,Not For Review,Engineering,
CE09OSSM-MFD37-00-DCLENG000,,,not for review,,,,Not For Review,Engineering,
CE01ISSM-SBD17-00-DCLENG000,,,not for review,,,,Not For Review,Engineering,
RS03AXPS-SF03A-2A-DOFSTA302,,,not in the system,delivered in CTD stream - redmine 8662,,,For Review,Science,Delivered in CTD Stream - redmine 8662
RS01SBPS-SF01A-2A-DOFSTA102,,,not in the system,delivered in CTD stream - redmine 8662,,,For Review,Science,Delivered in CTD Stream - redmine 8662
CE04OSPS-SF01B-2A-DOFSTA107,,,not in the system,delivered in CTD stream - redmine 8662,,,For Review,Science,Delivered in CTD Stream - redmine 8662
GP05MOAS-PG576-02-DOSTAM000,,,failed deployment,,,,For Review,Science,Failed 
GI05MOAS-PG564-02-DOSTAM000,,,glider leaked,,,,For Review,Science,Failed 
RS03AXPS-PC03A-4A-DOSTAD303,,,not in the system,delivered in CTD stream - redmine 8662,,,For Review,Science,Delivered in CTD Stream - redmine 8662
GI05MOAS-PG581-02-DOSTAM000,,,glider leaked,,,,For Review,Science,Failed 
GP05MOAS-PG515-02-DOSTAM000,,,not deployed,,,,For Review,Science,Not Deployed
GI05MOAS-PG577-02-DOSTAM000,,,glider leaked,,,,For Review,Science,Failed 
GI05MOAS-GL486-02-DOSTAM000,,,glider leaked,,,,For Review,Science,Failed 
GP05MOAS-PG515-00-ENG000000,,,not for review,,,,Not For Review,Engineering,
CE05MOAS-GL311-00-ENG000000,,,not for review,,,,Not For Review,Engineering,
GS05MOAS-GL560-00-ENG000000,,,not for review,,,,Not For Review,Engineering,
GI05MOAS-PG581-00-ENG000000,,,not for review,,,,Not For Review,Engineering,
CP05MOAS-GL388-00-ENG000000,,,not for review,,,,Not For Review,Engineering,
GP05MOAS-PG575-00-ENG000000,,,not for review,,,,Not For Review,Engineering,
CE05MOAS-GL384-00-ENG000000,,,not for review,,,,Not For Review,Engineering,
CP05MOAS-GL335-00-ENG000000,,,not for review,,,,Not For Review,Engineering,
CE05MOAS-GL327-00-ENG000000,,,not for review,,,,Not For Review,Engineering,
GI05MOAS-GL486-00-ENG000000,,,not for review,,,,Not For Review,Engineering,
CE05MOAS-GL381-00-ENG000000,,,not for review,,,,Not For Review,Engineering,
CP05MOAS-GL336-00-ENG000000,,,not for review,,,,Not For Review,Engineering,
RS01SBPD-DP01A-00-ENG000000,,,not for review,,,,Not For Review,Engineering,
CE05MOAS-GL312-00-ENG000000,,,not for review,,,,Not For Review,Engineering,
GS05MOAS-GL486-00-ENG000000,,,not for review,,,,Not For Review,Engineering,
CE05MOAS-GL319-00-ENG000000,,,not for review,,,,Not For Review,Engineering,
GS05MOAS-PG565-00-ENG000000,,,not for review,,,,Not For Review,Engineering,
CE05MOAS-GL320-00-ENG000000,,,not for review,,,,Not For Review,Engineering,
CP05MOAS-GL375-00-ENG000000,,,not for review,,,,Not For Review,Engineering,
GS05MOAS-PG566-00-ENG000000,,,not for review,,,,Not For Review,Engineering,
GP05MOAS-GL362-00-ENG000000,,,not for review,,,,Not For Review,Engineering,
GP05MOAS-GL523-00-ENG000000,,,not for review,,,,Not For Review,Engineering,
GA05MOAS-PG563-00-ENG000000,,,not for review,,,,Not For Review,Engineering,
CP05MOAS-A6263-00-ENG000000,,,not for review,,,,Not For Review,Engineering,
GA05MOAS-GL364-00-ENG000000,,,not for review,,,,Not For Review,Engineering,
CP05MOAS-GL389-00-ENG000000,,,not for review,,,,Not For Review,Engineering,
GA05MOAS-GL538-00-ENG000000,,,not for review,,,,Not For Review,Engineering,
CP05MOAS-PG564-00-ENG000000,,,not for review,,,,Not For Review,Engineering,
GP05MOAS-PG576-00-ENG000000,,,not for review,,,,Not For Review,Engineering,
GP05MOAS-GL364-00-ENG000000,,,not for review,,,,Not For Review,Engineering,
GI05MOAS-PG528-00-ENG000000,,,not for review,,,,Not For Review,Engineering,
CE04OSPD-DP01B-00-ENG000000,,,not for review,,,,Not For Review,Engineering,
CP05MOAS-GL380-00-ENG000000,,,not for review,,,,Not For Review,Engineering,
CP05MOAS-GL379-00-ENG000000,,,not for review,,,,Not For Review,Engineering,
CP05MOAS-GL376-00-ENG000000,,,not for review,,,,Not For Review,Engineering,
GI05MOAS-GL453-00-ENG000000,,,not for review,,,,Not For Review,Engineering,
CE05MOAS-GL383-00-ENG000000,,,not for review,,,,Not For Review,Engineering,
GP05MOAS-GL363-00-ENG000000,,,not for review,,,,Not For Review,Engineering,
GA05MOAS-PG580-00-ENG000000,,,not for review,,,,Not For Review,Engineering,
GI05MOAS-GL493-00-ENG000000,,,not for review,,,,Not For Review,Engineering,
CE05MOAS-GL386-00-ENG000000,,,not for review,,,,Not For Review,Engineering,
GP05MOAS-GL537-00-ENG000000,,,not for review,,,,Not For Review,Engineering,
GS05MOAS-GL485-00-ENG000000,,,not for review,,,,Not For Review,Engineering,
GA05MOAS-GL494-00-ENG000000,,,not for review,,,,Not For Review,Engineering,
GI05MOAS-GL478-00-ENG000000,,,not for review,,,,Not For Review,Engineering,
GS05MOAS-GL524-00-ENG000000,,,not for review,,,,Not For Review,Engineering,
CP05MOAS-GL340-00-ENG000000,,,not for review,,,,Not For Review,Engineering,
GI05MOAS-GL469-00-ENG000000,,,not for review,,,,Not For Review,Engineering,
GI05MOAS-GL559-00-ENG000000,,,not for review,,,,Not For Review,Engineering,
GI05MOAS-PG577-00-ENG000000,,,not for review,,,,Not For Review,Engineering,
GP05MOAS-GL469-00-ENG000000,,,not for review,,,,Not For Review,Engineering,
GI05MOAS-GL485-00-ENG000000,,,not for review,,,,Not For Review,Engineering,
CP05MOAS-GL339-00-ENG000000,,,not for review,,,,Not For Review,Engineering,
GI05MOAS-GL495-00-ENG000000,,,not for review,,,,Not For Review,Engineering,
CE05MOAS-GL382-00-ENG000000,,,not for review,,,,Not For Review,Engineering,
GP05MOAS-GL365-00-ENG000000,,,not for review,,,,Not For Review,Engineering,
GP05MOAS-GL453-00-ENG000000,,,not for review,,,,Not For Review,Engineering,
GA05MOAS-GL470-00-ENG000000,,,not for review,,,,Not For Review,Engineering,
GA05MOAS-PG578-00-ENG000000,,,not for review,,,,Not For Review,Engineering,
GI05MOAS-GL484-00-ENG000000,,,not for review,,,,Not For Review,Engineering,
CP05MOAS-GL387-00-ENG000000,,,not for review,,,,Not For Review,Engineering,
GP05MOAS-PG514-00-ENG000000,,,not for review,,,,Not For Review,Engineering,
GA05MOAS-PG562-00-ENG000000,,,not for review,,,,Not For Review,Engineering,
GI05MOAS-GL477-00-ENG000000,,,not for review,,,,Not For Review,Engineering,
GI05MOAS-GL363-00-ENG000000,,,not for review,,,,Not For Review,Engineering,
CP05MOAS-PG583-00-ENG000000,,,not for review,,,,Not For Review,Engineering,
GA05MOAS-GL496-00-ENG000000,,,not for review,,,,Not For Review,Engineering,
RS03AXPD-DP03A-00-ENG000000,,,not for review,,,,Not For Review,Engineering,
CP05MOAS-GL374-00-ENG000000,,,not for review,,,,Not For Review,Engineering,
CE05MOAS-GL326-00-ENG000000,,,not for review,,,,Not For Review,Engineering,
GS05MOAS-GL561-00-ENG000000,,,not for review,,,,Not For Review,Engineering,
GA05MOAS-GL493-00-ENG000000,,,not for review,,,,Not For Review,Engineering,
GS05MOAS-GL484-00-ENG000000,,,not for review,,,,Not For Review,Engineering,
GI05MOAS-PG564-00-ENG000000,,,not for review,,,,Not For Review,Engineering,
GP05MOAS-GL525-00-ENG000000,,,not for review,,,,Not For Review,Engineering,
GP05MOAS-GL276-00-ENG000000,,,not for review,,,,Not For Review,Engineering,
GA05MOAS-GL495-00-ENG000000,,,not for review,,,,Not For Review,Engineering,
CE05MOAS-GL247-00-ENG000000,,,not for review,,,,Not For Review,Engineering,
CP05MOAS-A6264-00-ENG000000,,,not for review,,,,Not For Review,Engineering,
GP05MOAS-GL361-00-ENG000000,,,not for review,,,,Not For Review,Engineering,
CE04OSPD-DP01B-03-FLCDRA103,,,wrong refdes in system,CE04OSPD-DP01B-04-FLCDRA103 - redmine 12240,,,For Review,Science,Wrong Reference Designator - redmine 12240
RS01SUM2-MJ01B-00-FLOBNM101,,,not for review,,,,Not Delivered Via uFrame,Science,
RS01SUM2-MJ01B-00-FLOBNC101,,,not for review,,,,Not Delivered Via uFrame,Science,
GI05MOAS-GL486-01-FLORDM000,,,glider leaked,,,,For Review,Science,Failed 
GP05MOAS-PG514-03-FLORTM000,,,not in the system,raw data files with problem,,,For Review,Science,Problem with Raw Rata files
GP05MOAS-PG515-03-FLORTM000,,,pending ingest,raw data files problem,,,For Review,Science,Problem with Raw Rata files
GI05MOAS-PG577-04-FLORTO000,,,glider leaked,,,,For Review,Science,Failed 
GI05MOAS-PG564-03-FLORTM000,,,glider leaked,,,,For Review,Science,Failed 
GA05MOAS-PG562-04-FLORTO000,,,not expected,,,,For Review,Science,Not Expected
GI05MOAS-PG564-04-FLORTO000,,,glider leaked,,,,For Review,Science,Failed 
GI05MOAS-PG581-03-FLORTM000,,,glider leaked,,,,For Review,Science,Failed 
GP05MOAS-PG576-03-FLORTM000,,,failed deployment,,,,For Review,Science,Failed 
GP05MOAS-PG576-04-FLORTO000,,,failed deployment,,,,For Review,Science,Failed 
GI05MOAS-PG581-04-FLORTO000,,,glider leaked,,,,For Review,Science,Failed 
GA05MOAS-PG562-03-FLORTM000,,,not expected,,,,For Review,Science,Not Expected
GP05MOAS-PG514-04-FLORTO000,,,not deployed,,,,For Review,Science,Not Deployed
GI05MOAS-PG577-03-FLORTM000,,,glider leaked,,,,For Review,Science,Failed 
CE04OSBP-LJ01C-11-HYDBBA105,,,not for review,,,,Not Delivered Via uFrame,Science,
RS01SBPS-PC01A-08-HYDBBA103,,,not for review,,,,Not Delivered Via uFrame,Science,
RS03AXBS-LJ03A-09-HYDBBA302,,,not for review,,,,Not Delivered Via uFrame,Science,
RS01SLBS-LJ01A-09-HYDBBA102,,,not for review,,,,Not Delivered Via uFrame,Science,
CE02SHBP-LJ01D-11-HYDBBA106,,,not for review,,,,Not Delivered Via uFrame,Science,
RS03AXPS-PC03A-08-HYDBBA303,,,not for review,,,,Not Delivered Via uFrame,Science,
CE09OSSM-SBD11-02-HYDGN0000,,,not for review,,,,Not For Review,Engineering,
CP01CNSM-SBD12-03-HYDGN0000,,,not for review,,,,Not For Review,Engineering,
GA01SUMO-SBD12-03-HYDGN0000,,,not for review,,,,Not For Review,Engineering,
CE02SHSM-SBD12-03-HYDGN0000,,,not for review,,,,Not For Review,Engineering,
CP01CNSM-SBD11-02-HYDGN0000,,,not for review,,,,Not For Review,Engineering,
CE07SHSM-SBD12-03-HYDGN0000,,,not for review,,,,Not For Review,Engineering,
CE04OSSM-SBD11-02-HYDGN0000,,,not for review,,,,Not For Review,Engineering,
CP03ISSM-SBD11-02-HYDGN0000,,,not for review,,,,Not For Review,Engineering,
CE07SHSM-SBD11-02-HYDGN0000,,,not for review,,,,Not For Review,Engineering,
GS01SUMO-SBD11-03-HYDGN0000,,,not for review,,,,Not For Review,Engineering,
CP03ISSM-SBD12-03-HYDGN0000,,,not for review,,,,Not For Review,Engineering,
GI01SUMO-SBD11-03-HYDGN0000,,,not for review,,,,Not For Review,Engineering,
CP04OSSM-SBD11-02-HYDGN0000,,,not for review,,,,Not For Review,Engineering,
CP04OSSM-SBD12-03-HYDGN0000,,,not for review,,,,Not For Review,Engineering,
GA01SUMO-SBD11-03-HYDGN0000,,,not for review,,,,Not For Review,Engineering,
GS01SUMO-SBD12-03-HYDGN0000,,,not for review,,,,Not For Review,Engineering,
CE09OSSM-SBD12-03-HYDGN0000,,,not for review,,,,Not For Review,Engineering,
CE04OSSM-SBD12-03-HYDGN0000,,,not for review,,,,Not For Review,Engineering,
CE02SHSM-SBD11-02-HYDGN0000,,,not for review,,,,Not For Review,Engineering,
GI01SUMO-SBD12-03-HYDGN0000,,,not for review,,,,Not For Review,Engineering,
RS03CCAL-MJ03F-06-HYDLFA305,,,not for review,,,,Not Delivered Via uFrame,Science,
RS01SLBS-MJ01A-05-HYDLFA101,,,not for review,,,,Not Delivered Via uFrame,Science,
RS01SUM1-LJ01B-05-HYDLFA104,,,not for review,,,,Not Delivered Via uFrame,Science,
RS03AXBS-MJ03A-05-HYDLFA301,,,not for review,,,,Not Delivered Via uFrame,Science,
RS03ECAL-MJ03E-09-HYDLFA304,,,not for review,,,,Not Delivered Via uFrame,Science,
RS03INT1-MJ03C-06-MASSPA301,,,not for review,,,,Not Delivered Via uFrame,Science,
RS01SUM2-MJ01B-06-MASSPA101,,,not for review,,,,Not Delivered Via uFrame,Science,
CP04OSPM-SBS11-02-MOPAK0000,,,not for review,,,,Not For Review,Engineering,
CE02SHSM-SBD11-01-MOPAK0000,,,not for review,,,,Not For Review,Engineering,
GA01SUMO-SBD11-01-MOPAK0000,,,not for review,,,,Not For Review,Engineering,
CE09OSSM-SBD11-01-MOPAK0000,,,not for review,,,,Not For Review,Engineering,
CP04OSSM-SBD11-01-MOPAK0000,,,not for review,,,,Not For Review,Engineering,
CP03ISSM-SBD11-01-MOPAK0000,,,not for review,,,,Not For Review,Engineering,
CP02PMCI-SBS01-01-MOPAK0000,,,not for review,,,,Not For Review,Engineering,
CP01CNSM-SBD11-01-MOPAK0000,,,not for review,,,,Not For Review,Engineering,
CP02PMCO-SBS01-01-MOPAK0000,,,not for review,,,,Not For Review,Engineering,
CE06ISSM-SBD17-01-MOPAK0000,,,not for review,,,,Not For Review,Engineering,
CP01CNPM-SBS01-01-MOPAK0000,,,not for review,,,,Not For Review,Engineering,
GI01SUMO-SBD11-01-MOPAK0000,,,not for review,,,,Not For Review,Engineering,
CE07SHSM-SBD11-01-MOPAK0000,,,not for review,,,,Not For Review,Engineering,
GS01SUMO-SBD11-01-MOPAK0000,,,not for review,,,,Not For Review,Engineering,
CP02PMUO-SBS01-01-MOPAK0000,,,not for review,,,,Not For Review,Engineering,
CP02PMUI-SBS01-01-MOPAK0000,,,not for review,,,,Not For Review,Engineering,
CP03ISPM-SBS01-01-MOPAK0000,,,not for review,,,,Not For Review,Engineering,
CE04OSSM-SBD11-01-MOPAK0000,,,not for review,,,,Not For Review,Engineering,
CE01ISSM-SBD17-01-MOPAK0000,,,not for review,,,,Not For Review,Engineering,
GI05MOAS-PG564-05-NUTNRM000,,,glider leaked,,,,For Review,Science,Failed 
CP03ISSP-SP001-03-NUTNRJ000,,,missing  from raw data server,Redmine 12790,,,For Review,Science,Missing  Raw Data - redmine 12790
GP05MOAS-PG576-05-NUTNRM000,,,failed deployment,,,,For Review,Science,Failed 
GP05MOAS-PG515-05-NUTNRM000,,,not deployed,,,,For Review,Science,Not Deployed
GI05MOAS-PG577-05-NUTNRM000,,,glider leaked,,,,For Review,Science,Failed 
GI05MOAS-PG581-05-NUTNRM000,,,glider leaked,,,,For Review,Science,Failed 
RS03AXBS-MJ03A-05-OBSBBA303,,,not for review,,,,Not Delivered Via uFrame,Science,
RS01SLBS-MJ01A-05-OBSBBA102,,,not for review,,,,Not Delivered Via uFrame,Science,
RS03ECAL-MJ03E-09-OBSBBA302,,,not for review,,,,Not Delivered Via uFrame,Science,
RS03CCAL-MJ03F-06-OBSBBA301,,,not for review,,,,Not Delivered Via uFrame,Science,
RS01SUM1-LJ01B-05-OBSBBA101,,,not for review,,,,Not Delivered Via uFrame,Science,
RS03ECAL-MJ03E-05-OBSSPA303,,,not for review,,,,Not Delivered Via uFrame,Science,
RS01SUM1-LJ01B-08-OBSSPA101,,,not for review,,,,Not Delivered Via uFrame,Science,
RS03ASHS-MJ03B-05-OBSSPA302,,,not for review,,,,Not Delivered Via uFrame,Science,
RS03ASHS-MJ03B-06-OBSSPA301,,,not for review,,,,Not Delivered Via uFrame,Science,
RS01SUM1-LJ01B-06-OBSSPA103,,,not for review,,,,Not Delivered Via uFrame,Science,
RS03INT2-MJ03D-05-OBSSPA305,,,not for review,,,,Not Delivered Via uFrame,Science,
RS03ECAL-MJ03E-08-OBSSPA304,,,not for review,,,,Not Delivered Via uFrame,Science,
RS01SUM1-LJ01B-07-OBSSPA102,,,not for review,,,,Not Delivered Via uFrame,Science,
RS01SBPD-DP01A-05-OPTAAC102,,,missing  from raw data server,redmine 10335,,,For Review,Science,Missing  Raw Data - redmine 10335
RS03AXPD-DP03A-05-OPTAAC302,,,removed,never deployed,,,For Review,Science,Not Deployed
CP03ISSP-SP001-02-OPTAAJ000,,,missing  from raw data server,Redmine 12790,,,For Review,Science ,Missing  Raw Data - Redmine 12790
RS03ASHS-MJ03B-00-OSMOIA301,,,not for review,,,,Not Delivered Via uFrame,Science,
RS01SUM2-MJ01B-00-OSMOIA101,,,not for review,,,,Not Delivered Via uFrame,Science,
GI05MOAS-PG577-06-PARADM000,,,glider leaked,,,,For Review,Science,Failed 
GP05MOAS-PG514-06-PARADM000,,,not deployed,,,,For Review,Science,Not Deployed
GI05MOAS-PG581-06-PARADM000,,,glider leaked,,,,For Review,Science,Failed 
GI05MOAS-PG564-06-PARADM000,,,glider leaked,,,,For Review,Science,Failed 
GP05MOAS-PG576-06-PARADM000,,,failed deployment,,,,For Review,Science,Failed 
RS03INT1-MJ03C-07-PPSDNA301,,,not for review,,,,Not Delivered Via uFrame,Science,
RS03INT1-MJ03C-07-RASFLA301,,,not for review,,,,Not Delivered Via uFrame,Science,
GI03FLMB-RIS01-00-SIOENG000,,,not for review,,,,Not For Review,Engineering,
GP03FLMB-RIS01-00-SIOENG000,,,not for review,,,,Not For Review,Engineering,
GP03FLMA-RIS01-00-SIOENG000,,,not for review,,,,Not For Review,Engineering,
GS03FLMA-RIS01-00-SIOENG000,,,not for review,,,,Not For Review,Engineering,
GS03FLMB-RIS01-00-SIOENG000,,,not for review,,,,Not For Review,Engineering,
GA03FLMA-RIM01-00-SIOENG000,,,not for review,,,,Not For Review,Engineering,
GS03FLMA-RIM01-00-SIOENG000,,,not for review,,,,Not For Review,Engineering,
GI03FLMA-RIM01-00-SIOENG000,,,not for review,,,,Not For Review,Engineering,
GI03FLMA-RIS01-00-SIOENG000,,,not for review,,,,Not For Review,Engineering,
GA02HYPM-RIM01-00-SIOENG000,,,not for review,,,,Not For Review,Engineering,
GA03FLMB-RIS01-00-SIOENG000,,,not for review,,,,Not For Review,Engineering,
GP03FLMB-RIM01-00-SIOENG000,,,not for review,,,,Not For Review,Engineering,
GS03FLMB-RIM01-00-SIOENG000,,,not for review,,,,Not For Review,Engineering,
GP02HYPM-RIM01-00-SIOENG000,,,not for review,,,,Not For Review,Engineering,
GI03FLMB-RIM01-00-SIOENG000,,,not for review,,,,Not For Review,Engineering,
GS02HYPM-RIM01-00-SIOENG000,,,not for review,,,,Not For Review,Engineering,
GI02HYPM-RIM01-00-SIOENG000,,,not for review,,,,Not For Review,Engineering,
GP03FLMA-RIM01-00-SIOENG000,,,not for review,,,,Not For Review,Engineering,
GA03FLMA-RIS01-00-SIOENG000,,,not for review,,,,Not For Review,Engineering,
GA03FLMB-RIM01-00-SIOENG000,,,not for review,,,,Not For Review,Engineering,
CP01CNSP-SP001-00-SPPENG000,,,not for review,,,,Not For Review,Engineering,
CP03ISSP-SP001-00-SPPENG000,,,not for review,,,,Not For Review,Engineering,
CE06ISSP-SP001-00-SPPENG000,,,not for review,,,,Not For Review,Engineering,
CE02SHSP-SP001-00-SPPENG000,,,not for review,,,,Not For Review,Engineering,
CE01ISSP-SP001-00-SPPENG000,,,not for review,,,,Not For Review,Engineering,
CE02SHSP-SP002-00-SPPENG000,,,not for review,,,,Not For Review,Engineering,
CE07SHSP-SP001-00-SPPENG000,,,not for review,,,,Not For Review,Engineering,
CP01CNPM-SBS01-00-STCENG000,,,not for review,,,,Not For Review,Engineering,
CP02PMUO-SBS01-00-STCENG000,,,not for review,,,,Not For Review,Engineering,
CP03ISPM-SBS01-00-STCENG000,,,not for review,,,,Not For Review,Engineering,
CE09OSPM-SBS01-00-STCENG000,,,not for review,,,,Not For Review,Engineering,
CP02PMCO-SBS01-00-STCENG000,,,not for review,,,,Not For Review,Engineering,
CP04OSPM-SBS01-00-STCENG000,,,not for review,,,,Not For Review,Engineering,
CP02PMCI-SBS01-00-STCENG000,,,not for review,,,,Not For Review,Engineering,
CP02PMUI-SBS01-00-STCENG000,,,not for review,,,,Not For Review,Engineering,
GA02HYPM-WFP03-00-WFPENG000,,,not for review,,,,Not For Review,Engineering,
GI02HYPM-WFP02-00-WFPENG000,,,not for review,,,,Not For Review,Engineering,
CP02PMCO-WFP01-00-WFPENG000,,,not for review,,,,Not For Review,Engineering,
GP02HYPM-WFP02-00-WFPENG000,,,not for review,,,,Not For Review,Engineering,
CP02PMCI-WFP01-00-WFPENG000,,,not for review,,,,Not For Review,Engineering,
CP03ISPM-WFP01-00-WFPENG000,,,not for review,,,,Not For Review,Engineering,
CP04OSPM-WFP01-00-WFPENG000,,,not for review,,,,Not For Review,Engineering,
CP01CNPM-WFP01-00-WFPENG000,,,not for review,,,,Not For Review,Engineering,
GS02HYPM-WFP03-00-WFPENG000,,,not for review,,,,Not For Review,Engineering,
GA02HYPM-WFP02-00-WFPENG000,,,not for review,,,,Not For Review,Engineering,
CP02PMUO-WFP01-00-WFPENG000,,,not for review,,,,Not For Review,Engineering,
CE09OSPM-WFP01-00-WFPENG000,,,not for review,,,,Not For Review,Engineering,
GS02HYPM-WFP02-00-WFPENG000,,,not for review,,,,Not For Review,Engineering,
GP02HYPM-WFP03-00-WFPENG000,,,not for review,,,,Not For Review,Engineering,
CP02PMUI-WFP01-00-WFPENG000,,,not for review,,,,Not For Review,Engineering,
CE04OSPS-PC01B-05-ZPLSCB102,,,no science streams in system,,,,For Review,Science,Missing Science Streams in System
GS02HYPM-MPM01-02-ZPLSGA009,,,pending ingest,parser missing,,,For Review,Science,Missing Parser
GA02HYPM-MPM01-02-ZPLSGA009,,,pending ingest,parser missing,,,For Review,Science,Missing Parser
GS02HYPM-MPM01-02-ZPLSGA010,,,pending ingest,parser missing,,,For Review,Science,Missing Parser
GI02HYPM-MPM01-02-ZPLSGA010,,,pending ingest,parser missing,,,For Review,Science,Missing Parser
GP02HYPM-MPM01-02-ZPLSGA009,,,pending ingest,parser missing,,,For Review,Science,Missing Parser
GA02HYPM-MPM01-02-ZPLSGA010,,,pending ingest,parser missing,,,For Review,Science,Missing Parser
GP02HYPM-MPM01-02-ZPLSGA010,,,pending ingest,parser missing,,,For Review,Science,Missing Parser
GI02HYPM-MPM01-02-ZPLSGA009,,,pending ingest,parser missing,,,For Review,Science,Missing Parser
